City,Tract,Population,Male,Female,Under_5_years,5_to_9_years,10_to_14_years,15_to_19_years,20_to_24_years,25_to_34_years,35_to_44_years,45_to_54_years,55_to_59_years,60_to_64_years,65_to_74_years,75_to_84_years,85_years_and_over,Less_than_18_years,18_to_64_years,65_years_and_over,Married_Couple,Male_Head,Female_Head,Non_Family,High_School_Graduate,Bachelor_Degree_or_Higher,Own,Rent,Median_Household_Income,Persons_Below_Poverty_Level_Income,Drove_Alone,Carpooled,Public_Transportation,Work_at_Home,Mean_Travel_Time_(minutes),No_Vehicle,1_Vehicle,2_Vehicles,3+_Vehicles,White,Black,Hispanic,American_Indian,Asian,Pacific_Islander,Other,More_than_one_race,English_Only,Other_than_English,Speak_English_less_than_very_well,Spanish_-_Speak_English_less_than_very_well,With_a_Disability,Under_18_w/Disability,18_to_64_w/Disability,65_and_over_w/Disability,Location_1
Henderson,10,6815,50.50%,49.50%,6.40%,6.70%,8.60%,7.10%,7.70%,13.30%,14.30%,13.40%,8%,3%,5.40%,4.40%,1.70%,27%,61.50%,11.50%,47.50%,10.30%,21.10%,21.20%,71.80%,6.90%,70%,30%,"$47,936.00 ",17.90%,72%,15.50%,5.40%,3.50%,23.9,4%,39.40%,30.10%,26.40%,22.20%,14.20%,56%,3%,2%,0.60%,0.50%,1.50%,51.40%,48.60%,21.70%,21.10%,13.40%,2.90%,12.70%,41.90%,"(36.182170399999997, -115.19199759999999)"
Henderson,10,6068,53.30%,46.70%,6.70%,6.90%,9.10%,10.50%,7.70%,18.70%,15.50%,9.70%,6.50%,1.80%,3.30%,3.10%,0.40%,28.70%,64.40%,6.90%,30.40%,12.60%,25.50%,31.40%,66.60%,8.40%,37.80%,62.20%,"$35,976.00 ",18.40%,69.60%,17.40%,6.40%,2.40%,24.7,17.10%,40.20%,28.50%,14.20%,20.70%,6.80%,61.90%,0.70%,5.30%,0%,0.30%,4.30%,39%,61%,32.50%,29.10%,10.80%,2.50%,13%,24.60%,"(36.162790700000002, -115.2329507)"
Henderson,10,4091,51.60%,48.40%,6.80%,8.10%,5.60%,7.20%,10.50%,10.80%,14.30%,16.40%,6%,3.20%,4.70%,4.30%,2.20%,24.80%,64.10%,11.10%,45.50%,11.70%,19.10%,23.70%,63.10%,8%,67.40%,32.60%,"$42,232.00 ",23.40%,71.10%,21.80%,0.50%,1.70%,19.4,4.70%,26.30%,43.90%,25.20%,35.90%,3.50%,54%,0.20%,3.60%,0%,0%,2.80%,50%,50%,21.30%,18.30%,12.90%,1.10%,14.30%,31.10%,"(36.1667579, -115.19900459999999)"
Henderson,10,4642,49.40%,50.60%,4.30%,4.20%,3%,8.60%,6.70%,12.20%,7%,18.30%,5.60%,5.20%,13.10%,8.30%,3.50%,15.80%,59.30%,24.90%,33.20%,3.50%,3.10%,60.30%,77.10%,14.60%,39%,61%,"$31,826.00 ",17.70%,79.70%,7.20%,3.20%,5.20%,22.5,26.20%,38.50%,28.10%,7.10%,42.90%,11.30%,31.90%,3.60%,9.20%,0%,0%,1.10%,60.10%,39.90%,17.40%,14.80%,17.70%,2.80%,10.10%,45.30%,"(36.1700023, -115.2150358)"
Henderson,10,3875,50.50%,49.50%,6.30%,6%,5.70%,6.50%,13%,10.70%,11%,12.80%,4.70%,3.40%,11.20%,6.20%,2.50%,20.10%,60%,19.90%,35.70%,10.10%,13%,41.20%,79.20%,5.80%,31.40%,68.60%,"$41,143.00 ",9.60%,64.10%,19%,5.70%,1.90%,23.3,15%,54.20%,19.50%,11.30%,36.60%,11.40%,40.70%,0%,6.30%,2.50%,0.20%,2.30%,60.50%,39.50%,19.70%,18%,18.60%,4.20%,14.30%,46.10%,"(36.1626507, -115.2149034)"
Henderson,10,3809,55.80%,44.20%,10.10%,10.70%,9%,6.80%,4.50%,12.90%,13.20%,11.20%,6.90%,5.60%,6.40%,2.40%,0.20%,35.10%,55.80%,9.10%,41.90%,17.90%,16.10%,24.20%,54.50%,4.20%,50%,50%,"$36,869.00 ",27.20%,65.80%,17.10%,10.50%,4.30%,25,16.40%,37.20%,29.20%,17.30%,23%,3.90%,72.20%,0%,1%,0%,0%,0%,40%,60%,34.30%,33.50%,20.30%,5.10%,23.90%,57.30%,"(36.182238300000002, -115.2097732)"
Henderson,10,4018,53%,47%,4.90%,5.60%,9.70%,4.20%,8.60%,11%,19.80%,16.10%,4.20%,3.70%,9.20%,1.70%,1.30%,22.40%,65.40%,12.20%,43.60%,8.80%,17.40%,30.20%,73.20%,14.40%,70.60%,29.40%,"$53,502.00 ",14.20%,71.90%,18.40%,4.10%,0.80%,22.8,6.50%,36.20%,36.30%,21%,36.90%,6.80%,39.10%,4.20%,6.40%,1.90%,0%,4.70%,54.50%,45.50%,21.70%,18.80%,13.10%,1.90%,12%,39.80%,"(36.177369599999999, -115.21698840000001)"
Henderson,10,4772,49.90%,50.10%,8.60%,10.50%,5.50%,3.60%,2.80%,19.80%,13.90%,12.40%,2.60%,5.40%,7.80%,6.20%,0.90%,27.40%,57.70%,14.90%,40.50%,14.20%,12.40%,32.90%,69.40%,9.20%,43.30%,56.70%,"$29,602.00 ",36.10%,75.80%,15.50%,7.20%,0.70%,28.5,12.40%,40.70%,28.40%,18.50%,10.10%,36.40%,47%,0%,3.80%,0%,0.50%,2.10%,55.40%,44.60%,21.90%,21.60%,13.70%,7.50%,4.60%,60.10%,"(36.182331099999999, -115.1694498)"
Henderson,10,3934,47.70%,52.30%,8.30%,4.50%,5.80%,7.80%,7.10%,15.40%,12.80%,12.90%,5.70%,7.20%,8.80%,2.30%,1.40%,23%,64.40%,12.60%,25.60%,6.60%,16.60%,51.20%,73.90%,17.20%,28.70%,71.30%,"$36,276.00 ",27.10%,68.90%,13.70%,7.10%,1.20%,19.8,18.30%,48.10%,26.40%,7.10%,33.60%,15%,40.70%,1.20%,6.80%,0%,0.60%,2.20%,55.70%,44.30%,20.80%,15%,11.40%,0.30%,10.20%,43.50%,"(36.167402000000003, -115.1668323)"
Henderson,10,802,48.90%,51.10%,5.10%,2.60%,6.60%,7.20%,0%,5.90%,15.80%,10.90%,2.80%,7.90%,18.60%,7.30%,9.30%,16.70%,48.10%,35.20%,42.50%,9.40%,11.50%,36.50%,78.50%,20.80%,72.70%,27.30%,"$65,268.00 ",14%,76.20%,21.80%,0%,2.10%,20.5,8.90%,27.60%,43.80%,19.70%,62.70%,7.80%,17.40%,1.30%,8.50%,0.60%,0%,1.70%,75.70%,24.30%,6.50%,1.20%,21.40%,0%,14.40%,43%,"(36.152486099999997, -115.1667996)"
Henderson,10,3017,53.30%,46.70%,6%,2.90%,1.40%,11.70%,8%,9.30%,11.50%,19.70%,7.70%,8.10%,9.60%,3.50%,0.60%,16.20%,70.10%,13.70%,17.10%,11.90%,23.80%,47.20%,68.50%,5.50%,42.10%,57.90%,"$23,813.00 ",42.20%,65.60%,9.80%,14.60%,4.50%,22.5,18.30%,50.80%,18.30%,12.60%,11.10%,59.90%,25%,0%,0.60%,0.30%,0.50%,2.50%,80.90%,19.10%,11.60%,10.70%,19.40%,5.60%,18.40%,41.30%,"(36.177792199999999, -115.15118940000001)"
Henderson,10,4695,46%,54%,9.60%,10.10%,11.50%,12.20%,8.80%,7.30%,13.50%,11.30%,5.70%,2.10%,4.80%,2.60%,0.60%,38.20%,53.80%,8%,18.90%,7.60%,43.40%,30.10%,71.70%,2.60%,32.10%,67.90%,"$17,631.00 ",61.30%,81.90%,6.80%,5.50%,1.40%,21.1,23.80%,48.20%,17.30%,10.70%,2.50%,64%,28%,0%,1.50%,1.70%,0.40%,1.90%,67.90%,32.10%,14.10%,11.50%,18.50%,6.30%,22.60%,48.80%,"(36.188018599999999, -115.1588665)"
Henderson,10,2446,68.10%,31.90%,0.30%,0%,2.40%,7.90%,9.20%,7.70%,9.50%,20.70%,15.50%,15.20%,6.30%,2.10%,3.10%,4.20%,84.30%,11.50%,15.50%,1.50%,13.10%,69.90%,74.10%,5.10%,13.10%,86.90%,"$17,147.00 ",52.40%,44.10%,13.10%,18.50%,10.70%,24.7,53.60%,26.80%,7.10%,12.60%,38.40%,22.60%,21.50%,2.70%,8.70%,0.10%,0%,5.90%,68.90%,31.10%,17.70%,11.40%,34.60%,0%,33.20%,57%,"(36.182048500000001, -115.1381942)"
Henderson,10,3328,54.90%,45.10%,8.40%,8.50%,10.10%,5.30%,4.80%,13.10%,20.10%,11.90%,8.10%,4.20%,3.10%,2%,0.40%,30.70%,63.80%,5.50%,33.10%,6.70%,16.70%,43.40%,50.20%,7.40%,6.90%,93.10%,"$21,830.00 ",52.50%,67.70%,18.30%,14%,0%,26.3,40.50%,37.40%,17.70%,4.40%,16.20%,10.60%,65.60%,0.30%,7.10%,0%,0%,0.30%,33.90%,66.10%,44.50%,43.20%,16.10%,4.30%,19.10%,47.70%,"(36.180926599999999, -115.12997799999999)"
Henderson,10,2642,58.70%,41.30%,1.30%,4.70%,7.30%,7.50%,5.30%,11.90%,9.90%,11.60%,13.50%,8.30%,12.60%,3.90%,2.20%,17.70%,63.60%,18.70%,20.30%,4.70%,11.90%,63.10%,67.60%,2.70%,10.40%,89.60%,"$17,987.00 ",38.30%,66%,8.50%,16.90%,0%,23.9,44.20%,38.80%,12.70%,4.30%,30.60%,24.20%,39.80%,0.90%,3.60%,0%,0%,1%,62.30%,37.70%,22.20%,21%,20.70%,12.90%,21.10%,26.50%,"(36.1708341, -115.1299149)"
Henderson,10,5116,47.90%,52.10%,10.80%,7.40%,8.10%,10.20%,10.50%,14.50%,13.30%,9.60%,3.70%,4.70%,4.20%,1.20%,1.70%,33.10%,59.80%,7.10%,48.20%,9.30%,18.50%,24%,49.70%,3.90%,51%,49%,"$41,875.00 ",22.90%,71.90%,17.90%,4.80%,0.10%,21.3,13.40%,27.60%,34.30%,24.60%,30.60%,24.20%,39.80%,0.90%,3.60%,0%,0%,1%,26.60%,73.40%,32%,31.40%,10.10%,2.10%,10.80%,42.40%,"(36.180417800000001, -115.12030059999999)"
Henderson,10,4079,51.40%,48.60%,7.50%,10.50%,6.80%,8.10%,8.20%,12.30%,10%,10.60%,5.50%,7%,8.40%,4.10%,1%,28.60%,58%,13.40%,47.20%,5.80%,23.40%,23.60%,65.30%,4.90%,60.20%,39.80%,"$40,820.00 ",28.60%,74.60%,10.10%,6.60%,4%,29,3.70%,40.80%,41.50%,13.90%,27.90%,7.40%,61.90%,0%,2.70%,0%,0%,0%,39.40%,60.60%,31.80%,30.50%,14.10%,5.80%,11.90%,41.10%,"(36.184844900000002, -115.0712071)"
Henderson,10,6517,52.70%,47.30%,9.60%,10.10%,7.50%,12.40%,6.70%,15.70%,10.30%,11.30%,5.40%,2.90%,4.60%,2.10%,1.30%,36.20%,55.70%,8.10%,36%,15.90%,19.80%,28.30%,62.50%,4.10%,25.10%,74.90%,"$29,083.00 ",37.30%,63.90%,17.90%,9.20%,0%,31.7,17.30%,45.50%,30.10%,7.10%,18.30%,17.10%,61.50%,0%,1.70%,0.20%,0%,1.30%,38.30%,61.70%,37.90%,36.90%,9%,2.80%,6.90%,48.90%,"(36.177251200000001, -115.0933558)"
Henderson,10,5256,51.30%,48.70%,7.50%,9.20%,9.50%,11.20%,6%,12.20%,16.30%,13.30%,4.30%,2.80%,6%,1.40%,0.20%,32.80%,59.50%,7.70%,47.40%,6.30%,29.40%,16.90%,52.40%,5%,53.30%,46.60%,"$40,516.00 ",21.20%,76.30%,13.70%,4.40%,0%,28.4,2.20%,41.90%,41.80%,14.10%,12.70%,9.10%,65.90%,0%,10.60%,0.60%,0%,1%,27.10%,72.90%,45.90%,38.10%,10.50%,7.40%,9.70%,30%,"(36.177452600000002, -115.07128160000001)"
Henderson,10,5143,54.80%,45.20%,10.70%,8.70%,8.70%,6.90%,8.10%,16%,12.60%,12.10%,4.30%,3.80%,4.40%,2.40%,1.30%,31.90%,60%,8.10%,43.40%,8.10%,23.10%,25.50%,65.40%,7.90%,57.30%,42.70%,"$30,368.00 ",35.30%,78.20%,15.40%,1.10%,0.10%,23.8,12.70%,39.70%,27.50%,20.20%,17.60%,7%,64.20%,0.20%,6.50%,0%,0.20%,4.30%,41.30%,58.70%,29.40%,26.20%,13.60%,1.50%,14.40%,56.70%,"(36.169865199999997, -115.0930999)"
Henderson,10,5196,49.30%,50.70%,8.70%,10.20%,8%,9.20%,11.10%,15.90%,14.80%,6.60%,4.50%,3.30%,5.60%,1.40%,0.60%,33.10%,59.30%,7.60%,45.30%,7.70%,18.10%,28.90%,59.40%,9.30%,37.10%,62.90%,"$35,375.00 ",20.90%,72.60%,16.80%,4.80%,1.30%,26.1,12.20%,41.80%,31.60%,14.40%,13.10%,7.20%,72.20%,0%,6.50%,0.10%,0%,0.90%,25.10%,74.90%,47.40%,44.20%,9.60%,6.30%,7.80%,38.20%,"(36.170082600000001, -115.071218)"
Henderson,10,5659,51.90%,48.10%,8.40%,8%,7.30%,9%,11.20%,13.10%,14.30%,12.70%,4.20%,2.30%,5.40%,2.50%,1.80%,29.70%,60.70%,9.60%,33.40%,9.60%,21.70%,35.30%,61%,11.20%,38.80%,61.20%,"$30,176.00 ",24.70%,65.80%,22.90%,9.20%,0%,25.5,14.20%,41.90%,27.10%,16.80%,21.40%,9.80%,63.70%,0%,3.30%,0.20%,0%,1.70%,43.10%,56.90%,31.10%,30.90%,12.70%,1.80%,12.90%,44.80%,"(36.162528799999997, -115.0929366)"
Henderson,10,5112,53.50%,46.50%,10.70%,9.40%,7%,9.40%,9.80%,12.40%,19.70%,12.70%,2.40%,2.20%,2%,2.10%,0.20%,33.40%,62.20%,4.40%,46.60%,11.30%,25.20%,16.90%,47.30%,4.20%,54%,46%,"$41,842.00 ",33%,66.70%,10.50%,7%,2.40%,27.6,11.20%,33%,43.90%,11.90%,12.80%,4.70%,75.80%,0%,5.10%,0%,0%,1.70%,25.30%,74.70%,46.20%,41.80%,9.70%,8.10%,8.90%,33.60%,"(36.162719600000003, -115.0712314)"
Henderson,10,1870,46.20%,53.80%,5.90%,12.90%,6.20%,8.80%,12.40%,13.30%,17.70%,9.20%,2.40%,6.40%,2.10%,1.70%,0.90%,32.70%,62.60%,4.70%,52.20%,0.60%,29%,18.10%,36.80%,3.60%,54.60%,45.40%,"$29,442.00 ",23.10%,82%,10.90%,2.50%,2.80%,22.9,7.90%,45.40%,34.30%,12.40%,12%,0%,82.20%,0%,2.30%,0%,0.40%,3.10%,18%,82%,32.40%,30.60%,13.80%,3.60%,16.90%,44.30%,"(36.1708049, -115.1205066)"
Henderson,10,4393,56.60%,43.40%,9.70%,11.10%,10.60%,5.80%,5.50%,20.80%,11.10%,14%,2.80%,4%,4.40%,0.20%,0%,34.40%,61%,4.60%,26.50%,17.90%,17.70%,38%,50%,6.90%,21.50%,78.50%,"$21,156.00 ",43.10%,42.90%,30.70%,11%,0.40%,32.9,39.60%,38.10%,14%,8.40%,13.30%,7.90%,71.50%,0%,0.90%,0%,5.80%,0.60%,29.10%,70.90%,42.40%,41.20%,9.50%,2%,14.10%,4.30%,"(36.163305800000003, -115.1205327)"
Henderson,10,3153,53.10%,46.90%,9.70%,9.50%,7.60%,9.40%,7.90%,9.70%,16.70%,11.80%,5.20%,4.20%,3%,3.80%,1.70%,32.80%,58.70%,8.50%,31.80%,8.50%,17.80%,42%,40.90%,5.30%,12.70%,87.30%,"$18,570.00 ",47.70%,57.40%,17.70%,12.30%,2.30%,29.8,34%,45.50%,14.50%,6%,13.10%,7.60%,74.50%,0%,4.30%,0%,0%,0.40%,21.10%,78.90%,51.30%,48.20%,10.10%,3%,7.10%,58.60%,"(36.170702200000001, -115.1108816)"
Henderson,10,2168,57.40%,42.60%,16.40%,10.90%,6.80%,9.80%,5.20%,19%,9.10%,16.70%,2.60%,0.30%,2.10%,1.20%,0%,43.40%,53.30%,3.30%,16.60%,18.40%,17.40%,47.70%,64.20%,4.50%,0.40%,99.60%,"$20,569.00 ",45.90%,66.60%,19.20%,12.80%,0%,30.4,40.90%,46.80%,9%,3.20%,11.20%,29.70%,56.60%,0%,0.70%,0.60%,0%,1.10%,44.60%,55.40%,31.30%,31.30%,6.90%,0%,9.90%,49.30%,"(36.163192799999997, -115.1106924)"
Henderson,10,2345,53.10%,46.90%,5.90%,13.90%,14.50%,7.80%,7.20%,9.80%,16.60%,12.80%,1%,0.70%,7.40%,2.40%,0.10%,41.80%,48.30%,9.90%,27.60%,16.90%,15.50%,40.10%,42%,3.40%,21.30%,78.70%,"$22,708.00 ",47.80%,56.80%,16.90%,5.20%,0%,23.7,38%,22.70%,27.30%,12%,11.80%,5.90%,76.80%,0%,2.30%,0%,0%,3.20%,23.90%,76.10%,40.80%,40.30%,6.10%,0%,8.60%,19.80%,"(36.177326499999999, -115.1111878)"
Henderson,10,2547,47.80%,52.20%,7.20%,3.90%,7.40%,10.50%,7.70%,11.90%,19.70%,12%,8%,3%,6.50%,2%,0.20%,23.50%,67.80%,8.70%,39.40%,8.40%,21.10%,31.10%,51.40%,4.20%,40.10%,59.90%,"$31,262.00 ",25.50%,79.30%,12.10%,6.80%,0%,27.6,21.10%,28.10%,34.10%,16.70%,8.90%,11.60%,77.40%,0%,0.60%,0%,0%,1.60%,31.30%,68.70%,36.40%,36.30%,13.60%,2.20%,14%,42%,"(36.184770800000003, -115.1116581)"
Henderson,10,2574,54%,46%,11.10%,10.20%,5.30%,10.30%,7.50%,16.50%,15.10%,8.40%,5.30%,7.40%,0.90%,1.50%,0.50%,33.40%,63.70%,2.90%,52.50%,16.40%,18.50%,12.70%,51.50%,3.70%,55%,45%,"$44,688.00 ",22.50%,62%,24.90%,8.30%,0.80%,32.9,11.50%,44.50%,24.50%,19.50%,12.40%,3.10%,80.90%,0%,1.70%,1.30%,0%,0.70%,22.10%,77.90%,42.80%,42.80%,10.90%,2%,13.30%,61.10%,"(36.184588599999998, -115.102762)"
Henderson,10,4020,53.80%,46.20%,10.40%,10.30%,9.80%,9.40%,5.90%,18%,15.10%,10.70%,1.40%,0.80%,6.80%,1.20%,0%,36%,56%,8%,44.10%,14.30%,28.60%,13%,47.80%,8.30%,49.40%,50.60%,"$43,321.00 ",32.40%,76.60%,16.50%,4%,1.90%,25.6,5.80%,23.30%,50.80%,20.10%,11.40%,4.40%,82%,0%,2.10%,0%,0%,0%,18.70%,81.30%,50.60%,50.30%,9.60%,8.10%,5.10%,47.70%,"(36.183760900000003, -115.0921158)"
Henderson,10,3743,55.20%,44.80%,8.30%,10%,6.70%,10.20%,15.10%,14.50%,14.80%,9.90%,5.70%,2.40%,0.80%,1.60%,0.10%,30.90%,66.60%,2.50%,44.90%,1%,21.90%,32.20%,60.60%,1.20%,27.10%,72.90%,"$39,659.00 ",33.60%,75.20%,16.80%,4.50%,0.50%,27.5,11.70%,43.50%,29.20%,15.60%,8.30%,10.40%,76.80%,0.60%,2.20%,0%,0.20%,1.60%,23.60%,76.40%,47.10%,45.10%,7.30%,0%,9%,52.20%,"(36.185751099999997, -115.0852041)"
Henderson,10,2918,53%,47%,5.10%,5.30%,3.10%,11.10%,6.80%,12.10%,15.40%,18.60%,5.50%,7.50%,5.90%,2.90%,0.60%,20.80%,69.80%,9.40%,19.90%,2%,16.20%,61.90%,64.20%,5.50%,15.30%,84.70%,"$19,593.00 ",46.40%,50.20%,20.40%,16.20%,1.50%,30.2,45.30%,31.70%,18.60%,4.40%,34.70%,18.20%,42%,1.10%,2.80%,0%,0%,1.20%,63.30%,36.70%,15.70%,13.80%,21.40%,5.70%,21.60%,54.70%,"(36.162429299999999, -115.1292682)"
Henderson,10,2123,79.30%,20.70%,0.80%,0%,0%,4%,17.90%,26.30%,18.50%,16.50%,5.90%,4%,5.10%,0.90%,0.10%,1.40%,92.40%,6.20%,5.50%,0%,0%,94.50%,69.80%,10.20%,4.10%,95.90%,"$16,818.00 ",32.30%,38.50%,3.60%,28.50%,0.60%,29.8,62.10%,31.40%,4.60%,1.90%,40.70%,29.50%,21.10%,0.20%,3.30%,0.10%,0.10%,5%,81.40%,18.60%,8.30%,7.40%,31.40%,0%,25.90%,58.10%,"(36.1701294, -115.14118689999999)"
Henderson,10,2206,79.30%,20.70%,0.80%,0%,0%,4%,17.90%,26.30%,18.50%,16.50%,5.90%,4%,5.10%,0.90%,0.10%,1.40%,92.40%,6.20%,8.40%,5.80%,9.40%,76.30%,74.50%,11.50%,5%,95%,"$14,730.00 ",44.20%,46.40%,14.10%,23.90%,0%,27.7,54.10%,38.90%,3.50%,3.50%,45.50%,12.60%,34.30%,1.40%,4.50%,0%,0%,1.70%,67.10%,32.90%,16.70%,14.50%,30.30%,14.20%,26.60%,50.80%,"(36.162423599999997, -115.1389518)"
Henderson,10,1178,68.20%,31.80%,1.80%,0%,0%,0%,3.60%,13.60%,25.30%,24%,8.60%,11.50%,8.90%,2.60%,0%,1.80%,86.60%,11.60%,9.40%,5.10%,5.50%,80%,87.30%,25.40%,11.80%,88.20%,"$21,348.00 ",28.70%,34.70%,1%,12.80%,7.40%,20.3,59.50%,33.50%,7%,0%,60.10%,18.70%,7.50%,0%,13.70%,0%,0%,0%,81.30%,18.70%,8%,2.50%,21.90%,0%,21.60%,27.70%,"(36.162308600000003, -115.1493152)"
Henderson,20,3444,55%,45%,8%,4.60%,3.40%,5.20%,8.90%,16.60%,14.20%,15.10%,4.20%,5.70%,8.40%,4.20%,1.60%,18.40%,67.40%,14.20%,35.40%,9.60%,15%,40%,79.30%,17.90%,47.80%,52.20%,"$42,311.00 ",14.20%,74.60%,9.20%,7.70%,1.30%,22.9,10.80%,34.40%,40.50%,14.30%,42.20%,11.10%,37.70%,0%,5.30%,0.90%,0%,2.80%,58.20%,41.80%,19.20%,13.80%,18.40%,16.70%,14.30%,40%,"(36.151847699999998, -115.2165408)"
Henderson,20,6737,50.80%,49.20%,4.70%,3.10%,3.50%,4.90%,7.40%,18.40%,8.10%,11.80%,4.50%,5.10%,17.10%,8.20%,3.20%,14.70%,56.70%,28.60%,28.70%,5.40%,11.70%,54.30%,78.40%,11.80%,33.40%,66.60%,"$31,103.00 ",20.20%,66.20%,13.10%,10.50%,5.40%,22.5,18.10%,49.50%,23.70%,8.70%,45.80%,6%,39.50%,0.20%,4.70%,0%,0%,3.80%,59.50%,40.50%,23.50%,18.80%,19%,3.10%,11.80%,41.70%,"(36.152054300000003, -115.1979752)"
Henderson,20,1603,44.80%,55.20%,5.70%,6.50%,4.20%,9.50%,6.80%,8.10%,9.50%,14.70%,10%,5.20%,11.70%,6.80%,1.30%,20.90%,59.30%,19.80%,56.30%,3.50%,11.40%,28.80%,98.20%,46.90%,84.50%,15.50%,"$111,750.00 ",10.80%,76.60%,9.70%,0.50%,10.90%,15.7,5.20%,20.50%,37.30%,37.10%,71.50%,13.80%,8.40%,0%,3.70%,0%,0%,2.60%,87.30%,12.70%,2.40%,0.70%,8.30%,0%,9.10%,14.80%,"(36.1672753, -115.1827722)"
Henderson,20,3935,52.50%,47.50%,4.50%,4.90%,6.10%,7.60%,2.80%,9.60%,13.20%,18.10%,7.60%,6.30%,12.10%,6.50%,0.80%,18.30%,62.40%,19.30%,41.30%,5.20%,9.70%,43.80%,92.20%,33.70%,72.60%,27.40%,"$65,757.00 ",8.80%,77.90%,7%,3.80%,6.30%,17.1,10.10%,31.50%,32.80%,25.70%,71.50%,6.70%,18.40%,0%,2.80%,0%,0%,0.70%,78.20%,21.80%,9.90%,7.60%,15.50%,0%,14.40%,33.60%,"(36.1511371, -115.1809062)"
Henderson,20,3612,65.50%,34.50%,4.60%,6.20%,3.20%,3.30%,5.60%,22.90%,16.10%,15.40%,5%,9.20%,6.40%,2%,0%,14.90%,76.70%,8.40%,21.90%,7.40%,7%,63.70%,60.80%,18.30%,7%,93%,"$17,441.00 ",42.40%,35.20%,16.80%,20.10%,6.40%,25.2,49.40%,37.40%,12.30%,0.80%,20.40%,15.40%,47.70%,0.70%,11.30%,0%,0%,4.60%,36.50%,63.50%,42.50%,32.60%,19.30%,6.90%,19.40%,39.70%,"(36.151331300000002, -115.1568637)"
Henderson,20,4464,51.80%,48.20%,7.40%,5.50%,4%,6.60%,6.90%,12.90%,13.90%,15.20%,8.30%,5.90%,7.30%,3.40%,2.80%,21.50%,65%,13.50%,34%,4.10%,12.80%,49.10%,81.10%,13.70%,42.90%,57.10%,"$41,875.00 ",19.90%,62.20%,5.20%,18.60%,2.60%,26.9,32.30%,26.50%,34.60%,6.60%,43.30%,7.50%,37.30%,0.40%,9.60%,0%,0%,1.90%,55%,45%,22.90%,16.50%,17.50%,7.80%,15.70%,41.50%,"(36.149917799999997, -115.1465291)"
Henderson,20,4530,52.70%,47.30%,5.30%,7.40%,7.70%,7%,8.80%,9.40%,16.90%,17.50%,6.10%,3.20%,5.70%,4.60%,0.50%,25.60%,63.60%,10.80%,39.90%,7.90%,13.50%,38.70%,67.70%,12.10%,62.80%,37.20%,"$42,458.00 ",15.60%,72.80%,10.80%,3.90%,5.50%,20.6,10%,37.40%,29.30%,23.30%,27.70%,0.50%,63.90%,0.90%,5.10%,0.50%,0%,1.50%,33.40%,66.60%,28%,25%,15.90%,9.80%,13.70%,42.60%,"(36.151923799999999, -115.1341532)"
Henderson,20,3481,53%,47%,2.60%,5.20%,7.70%,5.80%,7.50%,9.90%,12.40%,18.50%,7.10%,5.20%,10%,6.10%,2.10%,19.80%,62%,18.20%,19.60%,8.10%,8.60%,63.70%,53.80%,5%,33.80%,66.20%,"$23,966.00 ",37.30%,67.40%,16.40%,10.10%,0%,22,32.70%,42.30%,17.80%,7.20%,34.90%,3%,55.10%,0.40%,5.60%,0%,0%,1.10%,40.60%,59.40%,36.80%,32.90%,14.50%,0%,12.20%,38%,"(36.155025899999998, -115.12005790000001)"
Henderson,20,4049,54.80%,45.20%,10.70%,5.90%,6.40%,7.60%,3.80%,16.90%,15.80%,15.70%,7.40%,1.60%,4.10%,3.40%,0.80%,28.90%,62.70%,8.40%,48.20%,15.30%,17.90%,18.60%,61.60%,11.60%,65.60%,34.40%,"$23,650.00 ",21.90%,74.10%,18.10%,3.20%,0%,23.6,6.40%,29.40%,41.10%,23.10%,17.80%,0.20%,74.50%,0.80%,5.80%,0%,0%,1%,34.10%,65.90%,31.10%,29.30%,12.60%,3.70%,15%,25.10%,"(36.147834799999998, -115.1157585)"
Henderson,20,764,49.70%,50.30%,11.30%,3.60%,2.40%,2.90%,6.90%,18.40%,7.50%,16.10%,6.20%,4.20%,11%,7.50%,2.20%,18%,61.40%,20.60%,23.30%,2.60%,13.40%,60.70%,63.40%,6.30%,0%,100%,"$23,980.00 ",33%,52.10%,15.30%,13.90%,0.60%,25.2,39.10%,44.40%,16.10%,0.40%,36.30%,8%,48.20%,0.50%,4.50%,0%,0%,2.50%,59%,41%,28.30%,24.90%,25.30%,2.80%,20.30%,59.80%,"(36.154360400000002, -115.10618289999999)"
Henderson,30,4180,49.90%,50.10%,5.70%,4.60%,5.40%,3.80%,8.20%,8.30%,9.70%,14.30%,5.10%,9.40%,14.60%,8.10%,2.60%,18%,56.50%,25.50%,26.80%,4.80%,23.10%,45.30%,75.90%,14.70%,28%,72%,"$24,774.00 ",38.40%,73.10%,0.90%,12.70%,5.40%,22.9,32.10%,43.30%,16%,8.70%,46.30%,10.20%,31.50%,0.20%,8.20%,0%,1.10%,2.50%,63.30%,36.70%,18.50%,13.20%,19%,3.50%,16%,36%,"(36.136296399999999, -115.1808491)"
Henderson,30,4060,54.50%,45.50%,11.20%,9%,10.60%,6.40%,6.50%,22.50%,13.20%,9.30%,3.10%,2.50%,3.70%,1.60%,0.30%,35.70%,58.70%,5.60%,43.90%,19%,14.80%,22.30%,50.90%,7.70%,29%,71%,"$39,375.00 ",26.80%,70.20%,10.80%,13%,0%,22.7,13.50%,36.50%,34.30%,15.70%,14.40%,5.10%,69.30%,0%,9.80%,0%,0.40%,1%,23.40%,76.60%,45%,37%,6.90%,1.70%,9.40%,14.50%,"(36.141224399999999, -115.2014222)"
Henderson,30,4879,54.60%,45.40%,10.10%,8.70%,9.60%,7%,6.30%,18.30%,17.20%,9.70%,2%,3.30%,2.90%,4.50%,0.30%,32.80%,59.50%,7.70%,26.70%,19.90%,22.50%,30.90%,56%,9.30%,15.90%,84.10%,"$32,648.00 ",32.90%,50.60%,16.50%,17.20%,0.80%,31.7,24.70%,47.60%,23%,4.70%,14.60%,7.90%,73.10%,0.40%,2.30%,0%,0.90%,0.80%,30.10%,69.90%,40.80%,39%,9.70%,4.30%,10.20%,28.70%,"(36.1375004, -115.1950167)"
Henderson,30,5516,47.20%,52.80%,10.40%,5.70%,3.30%,2.70%,9.50%,15.70%,10%,14.70%,6.30%,6.70%,8%,4.30%,2.70%,20.60%,64.50%,14.90%,32.60%,4.30%,12.80%,50.30%,91.40%,24.90%,32.80%,67.20%,"$38,297.00 ",29.80%,78.60%,12.30%,6.40%,0.20%,21.5,11.50%,50%,32%,6.50%,57.40%,8.50%,18%,0.20%,14.50%,0%,0%,1.40%,70.10%,29.90%,9.30%,4.70%,12%,4.30%,12.60%,23.60%,"(36.151752000000002, -115.2342984)"
Henderson,30,5039,48.80%,51.20%,3.80%,1.80%,5.10%,3.10%,4.70%,10.20%,17.50%,19.50%,7.90%,7.20%,10.60%,6.80%,1.90%,13.40%,67.30%,19.30%,37.80%,4.80%,12.90%,44.50%,84.60%,22.40%,50.90%,49.10%,"$54,219.00 ",10%,79.60%,4.70%,6.50%,5.30%,18.3,2%,46.40%,28.70%,22.90%,57.60%,11.10%,16.40%,0%,10.30%,0%,0%,4.70%,72.70%,27.30%,15%,8.50%,12.90%,16.80%,3.70%,42.20%,"(36.151492400000002, -115.2705654)"
Henderson,30,2800,53.60%,46.40%,3.30%,2.10%,3.10%,4.30%,9.20%,14.50%,8.70%,20.60%,12.40%,7.20%,9.50%,3.60%,1.60%,10.50%,74.80%,14.70%,38.70%,12.70%,7.10%,41.50%,90.80%,29.90%,36.10%,63.90%,"$54,727.00 ",6.60%,76.40%,5%,5.90%,11.50%,22.6,6.20%,35.10%,39.30%,19.40%,62.90%,8.90%,20.80%,0.10%,2.70%,0%,2.30%,2.30%,75.90%,24.10%,7.70%,5.70%,12.10%,3%,9%,34.10%,"(36.151548200000001, -115.2525053)"
Henderson,30,3800,46.50%,53.50%,6.60%,7.80%,8.80%,7.70%,5.30%,12%,18.90%,8.40%,3.70%,9.40%,6.70%,3.60%,1.20%,27.50%,61%,11.50%,46.10%,8.40%,16%,29.40%,85.40%,14%,69.70%,30.30%,"$55,758.00 ",6.70%,88.90%,6.50%,1.20%,0%,22.2,0.50%,34.50%,38.80%,26.20%,48.60%,5.40%,29%,0%,8.20%,4.70%,0%,4.10%,62.90%,37.10%,10.50%,10%,7%,1.40%,7.30%,19.10%,"(36.170141200000003, -115.2330718)"
Henderson,30,5554,48.20%,51.80%,9.40%,4.70%,5.60%,5.80%,5.10%,17.60%,16%,13.70%,8.10%,4.10%,6.50%,3.10%,0.40%,22.20%,67.70%,10.10%,37.10%,9.20%,21%,32.70%,88.90%,22.20%,39.50%,60.50%,"$56,053.00 ",8.10%,82.80%,11.20%,3.80%,0.90%,19.6,3.30%,38.20%,47.40%,11.10%,48.60%,5.40%,29%,0%,8.20%,4.70%,0%,4.10%,64%,36%,19.10%,13.90%,10.40%,4.30%,7.20%,45.80%,"(36.183316900000001, -115.25215129999999)"
Henderson,30,2382,51.60%,48.40%,1.90%,1%,2.50%,10.90%,9.50%,10.40%,11.90%,23.20%,3%,10.50%,9.50%,4.10%,1.60%,10.80%,74%,15.20%,31%,6.10%,11.80%,51.10%,92.80%,20.90%,37.70%,62.30%,"$31,307.00 ",19.40%,80.20%,15%,4.10%,0.70%,22.7,12.40%,59.60%,23.50%,4.50%,48%,11.80%,29.40%,0%,7.40%,0%,0%,3.40%,65.10%,34.90%,18.10%,9.90%,30.30%,0%,26.60%,69.40%,"(36.175926599999997, -115.2517869)"
Henderson,30,3448,49.90%,50.10%,5.90%,6.40%,8.10%,9.80%,3.70%,12%,13.10%,13.70%,5.10%,8.80%,8.20%,3.90%,1.40%,25%,61.50%,13.50%,45.50%,4.70%,26.10%,23.70%,78.50%,9.80%,81.70%,18.30%,"$62,750.00 ",5.70%,88.30%,7.60%,0.70%,1.10%,22.7,2.80%,21.70%,51.80%,23.60%,59.20%,5.80%,28.70%,0.20%,3.50%,0.60%,0%,1.90%,70%,30%,8.90%,4.40%,10.80%,1.50%,9.10%,35.80%,"(36.170202000000003, -115.2510508)"
Henderson,30,3406,51.70%,48.30%,7.60%,6.70%,8.10%,4.20%,10.60%,9%,14.50%,16.50%,8.80%,2.20%,7.70%,2.80%,1.40%,24.30%,63.80%,11.90%,58.30%,3.30%,16.80%,21.60%,78.60%,13.30%,79.50%,20.50%,"$56,694.00 ",12%,75.90%,12.80%,0%,4%,20.3,3.30%,42.30%,39.20%,15.20%,54.10%,3.70%,33.60%,1%,4.10%,1.10%,0%,2.50%,65.40%,34.60%,14.20%,12.70%,12%,2%,8.80%,49.80%,"(36.162689499999999, -115.25141499999999)"
Henderson,30,5556,51.10%,48.90%,6.80%,7.70%,9.60%,5%,8.10%,17.80%,16%,13%,3.80%,3.40%,5.80%,2.30%,0.70%,28.10%,63.10%,8.80%,40%,13.30%,16.60%,30.10%,71.80%,11.90%,50.60%,49.40%,"$45,829.00 ",26.30%,69.40%,20.10%,5.50%,1.80%,24.1,5.60%,42.80%,38.80%,12.80%,33.30%,9.30%,48.20%,0.10%,6.50%,0%,0%,2.50%,57.60%,42.40%,19.70%,17.40%,12.30%,6.80%,10.30%,43.90%,"(36.177532100000001, -115.2340148)"
Henderson,30,3569,52.60%,47.40%,6.40%,4.90%,7.90%,3.50%,6.60%,17.80%,12.90%,13.20%,7.10%,5.10%,9.30%,3.40%,1.70%,21.70%,63.80%,14.50%,46.30%,5.90%,19.60%,28.20%,74.80%,8.70%,58.20%,41.80%,"$46,484.00 ",12.30%,76.40%,18.30%,3.10%,0.30%,21.5,6.80%,39.60%,37.30%,16.30%,44.20%,12.50%,40.30%,0%,2.20%,0.50%,0%,0.30%,66.70%,33.30%,19.60%,16.70%,11.90%,9.80%,9.20%,36.70%,"(36.184688199999997, -115.2289059)"
Boulder,30,4241,51.40%,48.60%,6.90%,5.70%,5.40%,7%,4.70%,19.40%,13%,14.10%,4.10%,5.80%,7.20%,5.10%,1.70%,21.80%,64.30%,13.90%,26.70%,13.80%,13.30%,46.10%,67.80%,7.80%,20.80%,79.20%,"$31,607.00 ",28.60%,67.70%,15.20%,11.20%,0%,27.8,14.30%,60.90%,21.90%,2.90%,36.50%,15.10%,39.10%,1%,1.90%,0%,0%,6.30%,65.70%,34.30%,14.60%,13%,20.90%,8.90%,21.50%,37%,"(36.184877, -115.23921199999999)"
Boulder,30,4983,48%,52%,2.60%,7.50%,4.30%,5.50%,4.20%,4.40%,10.10%,16.90%,11%,12.30%,12.20%,6.60%,2.50%,18%,60.70%,21.30%,56.40%,5.60%,9.60%,28.30%,91.40%,27.10%,83.40%,16.60%,"$76,811.00 ",3.80%,92.90%,1.70%,0%,4%,24.9,2.60%,29%,50.50%,17.90%,70.20%,8.80%,12.80%,0%,5.50%,0.80%,0%,2%,83.70%,16.30%,5.90%,3.10%,14.70%,0%,12.60%,33.10%,"(36.254916199999997, -115.2626447)"
Boulder,30,1300,50.10%,49.90%,4.50%,5.80%,10.70%,7.40%,3.90%,6.20%,15.50%,18.60%,7.10%,5.90%,8.40%,4.50%,1.50%,27.30%,58.20%,14.50%,76.20%,0.40%,1.70%,21.70%,96.20%,44.50%,93.30%,6.70%,"$107,201.00 ",2.40%,85.50%,9.60%,0%,2.50%,25.2,1.80%,12.60%,45.50%,40%,66.30%,4.10%,11.10%,0.10%,7.30%,0.10%,0.60%,10.30%,86%,14%,4.80%,3.10%,8.90%,1.10%,7.10%,31.40%,"(36.240773900000001, -115.26978099999999)"
Boulder,30,2559,46.40%,53.60%,0%,0%,0%,0.40%,0%,0%,0%,5.90%,5%,8.50%,39.10%,34.10%,7%,0%,19.80%,80.20%,57.80%,0%,5.30%,36.90%,95.80%,35.10%,85.40%,14.60%,"$60,392.00 ",7.30%,87.20%,0%,0%,8.70%,18.6,3.30%,59.80%,35%,2%,88.90%,2.40%,2.10%,0.50%,6.10%,0%,0%,0%,89.40%,10.60%,0.30%,0%,29.70%,0%,20.10%,32.10%,"(36.210395300000002, -115.32853230000001)"
Boulder,30,3236,41.60%,58.40%,0%,0%,0.40%,0%,0%,0%,0.60%,5.70%,6.10%,8.70%,23.90%,36.70%,17.90%,0.40%,21.10%,78.50%,48.20%,2.40%,6.90%,42.50%,90.80%,24.30%,84.50%,15.50%,"$43,155.00 ",3.50%,87.70%,2.20%,0%,10.10%,19.2,1.70%,67.80%,27.90%,2.70%,90.20%,1.80%,4.10%,1.20%,2.10%,0%,0.30%,0.30%,89.90%,10.10%,1.90%,0%,28.70%,0%,23.60%,30.20%,"(36.215220799999997, -115.2968175)"
Boulder,30,2041,43.50%,56.50%,0%,0%,0%,0%,0%,0%,1.80%,7.90%,5.20%,9.40%,33.70%,29.90%,12%,0%,24.40%,75.60%,42.50%,1.50%,5.70%,50.30%,92.90%,29.70%,81.50%,18.50%,"$49,152.00 ",4.80%,84.80%,6.30%,0%,4.30%,28,3.70%,61.40%,33.50%,1.40%,84.30%,3.10%,0.90%,0.40%,9.70%,0%,0%,1.60%,88.40%,11.60%,4.10%,0%,34.80%,0%,35.10%,34.70%,"(36.2092685, -115.31117450000001)"
Boulder,30,1848,44.90%,55.10%,0%,0%,0%,0%,0.60%,0%,0.90%,6%,5.10%,14.20%,31.50%,27.70%,13.80%,0%,26.90%,73.10%,49.60%,1.20%,4.30%,44.90%,91.70%,31.20%,78.70%,21.30%,"$42,466.00 ",2.50%,94.20%,2.10%,0%,3.80%,23.3,4.10%,60.90%,34%,1%,88.70%,5.60%,1.30%,0.60%,3.60%,0.30%,0%,0%,92%,8%,1.50%,0.90%,32.70%,0%,13.30%,40%,"(36.207117400000001, -115.2880467)"
Boulder,30,4289,47.40%,52.60%,7.70%,6.30%,4.40%,5.90%,4.60%,13.10%,12.20%,14.60%,8.90%,7.60%,8.50%,5.20%,1%,23.40%,61.80%,14.80%,50.10%,6.30%,11.60%,32%,92.10%,25.50%,66.70%,33.30%,"$63,711.00 ",12.50%,88.20%,7.90%,1.10%,2.20%,22.7,3.40%,34.50%,43.50%,18.50%,62.60%,10.10%,16.20%,0%,5.50%,0%,0%,5.60%,78.30%,21.70%,5.80%,1.90%,12.80%,4%,9.10%,42%,"(36.200510700000002, -115.27079740000001)"
Boulder,30,5699,49.80%,50.20%,4%,6.50%,7.50%,8.50%,3.20%,5.80%,18%,16.80%,8.70%,7.60%,8.50%,3.90%,1%,23.80%,62.80%,13.40%,63.60%,2.70%,15.20%,18.50%,96.50%,50.60%,81.40%,18.60%,"$111,667.00 ",1.50%,82.40%,6.70%,1.60%,8.70%,24.5,1.60%,27.50%,42.30%,28.50%,72.70%,4.60%,9.50%,0%,9.60%,0%,0%,3.60%,77.40%,22.60%,7%,2%,10.10%,5%,8.80%,25.80%,"(36.1921739, -115.294268)"
Boulder,30,6473,44.80%,55.20%,5%,4.70%,6.10%,5.70%,6.40%,15%,13.10%,11.60%,5.90%,7.50%,10.40%,4.90%,3.70%,19.80%,61.20%,19%,63.60%,2.70%,15.20%,18.50%,93.40%,27.20%,56.40%,43.60%,"$62,983.00 ",6.80%,82.20%,7.70%,1.80%,4.60%,23.5,8.80%,35.70%,42.30%,13.10%,54.70%,12.70%,21.40%,0%,6%,0.20%,0.40%,4.60%,76.20%,23.80%,10%,5%,11.50%,3.10%,6.30%,36.80%,"(36.192970000000003, -115.2740979)"
Boulder,30,6717,49.30%,50.70%,7.60%,7.40%,7.40%,6.70%,9.20%,16.90%,13.90%,15.70%,5.50%,1.40%,4.40%,3.20%,0.90%,25.60%,66%,8.40%,41.20%,7.30%,15.80%,35.60%,86.70%,18.90%,44.60%,55.40%,"$41,616.00 ",17.20%,88.40%,8.30%,2.30%,0.60%,22.3,10.70%,49.90%,23.70%,15.80%,48%,10.30%,34.80%,0%,4.20%,0%,0%,2.70%,68.40%,31.60%,9.50%,9%,12.40%,3.10%,11.70%,47%,"(36.183229099999998, -115.27384979999999)"
Boulder,30,4956,43.90%,56.10%,5.80%,9.40%,3.90%,5%,3.10%,13%,18.40%,13.20%,7.90%,6.90%,9.10%,3.50%,0.80%,22.10%,64.40%,13.50%,47.80%,2.80%,16%,33.50%,93.80%,37.70%,63.10%,36.90%,"$66,234.00 ",5%,83.60%,7.80%,0.90%,3.70%,26.1,4.60%,39%,42.80%,13.60%,60.20%,10.20%,11.10%,0%,16.10%,0.40%,0.40%,1.60%,74.60%,25.40%,8.70%,1.60%,12.30%,7.90%,10.30%,28.90%,"(36.1847238, -115.31895609999999)"
Boulder,30,3461,54%,46%,5.30%,5.80%,7.10%,6.70%,2.20%,10.10%,17.80%,16.10%,7.90%,7.50%,10.40%,2.80%,0.30%,24.50%,62%,13.50%,52.40%,2.30%,8.30%,37.10%,94.60%,50.10%,71.80%,28.20%,"$86,525.00 ",9.20%,81.20%,10.40%,1.50%,4.80%,21.4,0.90%,39.90%,43.10%,16.10%,74.80%,5.30%,6.20%,0.30%,12.60%,0.90%,0%,0%,82.20%,17.80%,7%,1.50%,2.10%,1.70%,1.20%,7.30%,"(36.1749881, -115.3054109)"
Boulder,30,2672,46.80%,53.20%,7.20%,4.70%,6.60%,4.70%,3.50%,8.30%,11.50%,22.70%,6%,4.80%,13.80%,4%,2.10%,21.10%,59%,19.90%,57.20%,2.10%,1.70%,39%,95.40%,54.60%,76%,24%,"$91,094.00 ",4.20%,80.40%,12.70%,1.90%,3.30%,20.5,4.30%,26.50%,46.30%,23%,73%,0%,7.90%,0.30%,13.30%,0%,0%,5.50%,75.20%,24.80%,7.20%,1.30%,5.50%,3.70%,3.50%,13.40%,"(36.164319300000002, -115.3028937)"
Boulder,30,3916,51.60%,48.40%,2.10%,5.30%,5.50%,5.80%,4%,12.50%,16.50%,18.30%,10.90%,7.60%,9%,1.90%,0.50%,18.10%,70.50%,11.40%,40%,8.90%,6.80%,44.30%,97.40%,46.30%,48.10%,51.90%,"$78,571.00 ",8.70%,84.80%,5.50%,0.80%,4.30%,19.1,3.20%,43.30%,42.60%,10.90%,73.80%,8.80%,6%,0%,8.40%,0%,0%,3.10%,79.80%,20.20%,5.60%,0.60%,5.50%,0%,4%,26.10%,"(36.163676899999999, -115.3265865)"
Boulder,30,4225,49.60%,50.40%,8.40%,6.80%,9%,2.80%,10.80%,23.90%,15.50%,13%,2.50%,2.90%,3.30%,1.10%,0%,25.70%,69.80%,4.50%,45%,7.10%,8.10%,39.80%,88%,28.20%,54.70%,45.30%,"$59,178.00 ",21.10%,88.50%,8.20%,1.40%,2%,27.4,0.50%,47.50%,42.10%,9.80%,62.30%,12.80%,16.70%,0%,5.90%,0%,0.10%,2.10%,80.10%,19.90%,6.50%,5.30%,5.30%,1.50%,6.80%,5.10%,"(36.300515699999998, -115.2948597)"
Boulder,30,2197,49.60%,50.40%,18.40%,5.80%,6.10%,7.20%,5.60%,25.30%,11.60%,14.40%,0.40%,1.70%,3.30%,0.10%,0%,34.70%,61.90%,3.40%,54.20%,1%,13.90%,30.80%,97.70%,23.70%,27.90%,72.10%,"$62,885.00 ",9.10%,81.90%,16.80%,0%,0.40%,26.9,1.30%,27.50%,58.50%,12.70%,60.90%,7.60%,21.70%,1.60%,1.60%,2%,0%,4.70%,87.50%,12.50%,0.80%,0.20%,2.30%,1%,3.10%,0%,"(36.319342800000001, -115.3195163)"
Boulder,30,7956,53.70%,46.30%,10.60%,11%,5.40%,5.40%,7.30%,20.90%,13.80%,12.50%,5.60%,2.70%,2.90%,1.70%,0%,31.30%,64.10%,4.60%,57.60%,5.80%,12.50%,24.10%,91.40%,36.30%,64.40%,35.60%,"$73,576.00 ",7.20%,82.60%,13.10%,1.10%,2.60%,31.3,0%,23.10%,63%,14%,62.60%,7.80%,19.30%,0.40%,4.70%,0.80%,0%,4.40%,83.70%,16.30%,4.20%,3.20%,6%,3.10%,5.20%,37.10%,"(36.302043900000001, -115.3156039)"
Boulder,30,7953,51.60%,48.40%,10.10%,5.90%,6.60%,3.70%,9.30%,25.40%,16.30%,11.10%,8.40%,1.10%,1.90%,0.20%,0%,26.30%,71.60%,2.10%,38.30%,2%,16.10%,43.60%,98.20%,37.30%,40.50%,59.50%,"$60,087.00 ",9.90%,78.10%,16.80%,1.80%,3.30%,27.3,4.20%,51.70%,36.90%,7.20%,59.90%,6.90%,14%,0.50%,9.90%,0.20%,2.60%,6%,75.60%,24.40%,8%,3.40%,6.60%,1.60%,7.60%,35.60%,"(36.286567499999997, -115.3288135)"
Boulder,30,6,48.50%,51.50%,7%,8%,8.20%,9.60%,7%,11.20%,12.90%,16.70%,7.10%,6%,5.50%,0.70%,0%,29.10%,64.60%,6.30%,60.60%,6.20%,12.90%,20.20%,93.60%,23.80%,79.90%,20.10%,"$106,680.00 ",6%,79.70%,7.90%,0.70%,10.40%,25.7,0.50%,16.30%,45.70%,37.60%,77.10%,0.40%,14.60%,0.60%,2.80%,0%,0.30%,4.20%,88.60%,11.40%,1.30%,0.90%,5.30%,2.20%,5.70%,15.10%,"(36.264692400000001, -115.30277769999999)"
Boulder,30,4219,49%,51%,6.40%,4.90%,9.40%,7.70%,11%,17.10%,13.20%,12.40%,5.40%,5.20%,2.80%,3.10%,1.40%,27.10%,65.60%,7.30%,53.50%,2.40%,10.50%,33.60%,93.80%,29.80%,70.50%,29.50%,"$90,539.00 ",1.60%,84.70%,8.50%,2.10%,2.20%,23.1,3.10%,34%,33.40%,29.50%,54%,13.30%,16.50%,0.30%,14.20%,0%,0%,1.60%,82.50%,17.50%,3.30%,0.40%,4.90%,0%,2.80%,41.50%,"(36.287470300000003, -115.3040903)"
Boulder,30,4314,51.50%,48.50%,11%,6.50%,4.60%,9.80%,12.70%,20.10%,12.80%,9.90%,5.70%,3.70%,1.50%,0.90%,0.90%,27.70%,69.10%,3.20%,39.30%,6.90%,14.30%,39.40%,94.70%,34.40%,57.90%,42.10%,"$63,571.00 ",9%,90.30%,5.90%,2.10%,0%,26.6,2.10%,48.20%,40.30%,9.40%,55.40%,10.50%,19.20%,0%,11.40%,0%,0.50%,3%,62.30%,37.70%,4.10%,3.20%,3.90%,1.10%,4.30%,20%,"(36.289956500000002, -115.2923985)"
Boulder,30,3236,56.80%,43.20%,16.40%,4.90%,3.20%,6.10%,8.10%,28.60%,13.50%,8.30%,1.30%,2.70%,6.40%,0.50%,0%,27.20%,65.80%,7%,38.80%,7.40%,8.90%,45%,98.80%,23.80%,33.30%,66.70%,"$60,227.00 ",7.70%,73.20%,17.90%,2%,4.40%,26.8,4.50%,29.80%,46.30%,19.40%,43.50%,33.60%,9.20%,0.60%,11.50%,0.30%,0%,1.30%,83.70%,16.30%,3.40%,0.20%,4.50%,0.70%,4.90%,15.60%,"(36.285689400000003, -115.2809099)"
Boulder,30,1908,59.20%,40.80%,3.20%,7.70%,1.90%,2.10%,6.70%,27.30%,9.20%,14%,4.30%,5.10%,11.40%,3.40%,3.70%,14.70%,66.50%,18.80%,48%,5.50%,5.90%,40.60%,95.70%,15.50%,75.20%,24.80%,"$57,163.00 ",1.10%,87.20%,4.20%,3.80%,4%,24.3,4.70%,33.20%,48.30%,13.80%,78.20%,4.30%,8.30%,1.90%,2.20%,3%,0%,2.10%,85.90%,14.10%,1.20%,1.20%,12.50%,0%,3.10%,56.40%,"(36.270725800000001, -115.2725956)"
Boulder,30,4206,49%,51%,9.50%,4.20%,5.50%,4.80%,5.70%,19.40%,19.20%,14.20%,7.30%,1.90%,4.10%,3.60%,0.70%,20.90%,70.60%,8.50%,46.90%,1.60%,26%,25.40%,95%,26.60%,76.30%,23.70%,"$69,368.00 ",11%,83.10%,4.60%,1.70%,9.80%,24.8,0.40%,29.60%,62.90%,7.10%,59.50%,11.60%,18.80%,2.80%,3.30%,0%,0%,4%,71.50%,28.50%,1.20%,0.80%,14.80%,3.80%,15.50%,36.60%,"(36.238155999999996, -115.3285631)"
Boulder,30,6968,45.80%,54.20%,11.10%,9.60%,4.60%,5%,6.70%,19.70%,17.30%,10.70%,4.70%,6.70%,3.10%,0.80%,0%,27.90%,68.10%,4%,41.40%,7.50%,15.30%,35.80%,94.50%,32.20%,51.40%,48.60%,"$62,749.00 ",13.60%,78.40%,11.30%,2.40%,6.20%,27.7,1%,40.80%,47.50%,10.70%,48.90%,13.70%,24.80%,0.20%,6.20%,0%,0%,6.10%,78.40%,21.60%,7.80%,3%,5.60%,2.60%,5.50%,28.10%,"(36.234398900000002, -115.3212501)"
Boulder,30,3504,46.20%,53.80%,6%,6.10%,7.30%,5.40%,3.80%,18.40%,16.30%,13.30%,6.60%,5.70%,7.60%,2.70%,0.90%,22.80%,66.10%,11.10%,48.30%,0.50%,17.30%,34%,89.50%,34.80%,68.10%,31.90%,"$69,971.00 ",2.20%,84.60%,13.70%,0.30%,1.40%,26.1,1.90%,40.80%,42.60%,14.70%,71.80%,3.90%,8.70%,0.60%,10.30%,0%,0%,4.60%,77.40%,22.60%,7.70%,0.60%,9.40%,0.70%,11.90%,12.50%,"(36.2236634, -115.32061539999999)"
Boulder,30,2989,50.30%,49.70%,7.90%,5%,10.30%,7.50%,8.20%,5.90%,17.90%,12%,9.80%,8.60%,4.40%,2.30%,0.30%,27.50%,65.50%,7%,65.50%,5.60%,13.80%,15.10%,94.60%,30.40%,87.40%,12.60%,"$74,688.00 ",8.90%,83%,11.10%,0.90%,2.80%,25.8,0.80%,23.50%,47.50%,28.10%,74.80%,2.20%,14.80%,0%,7.10%,0%,0%,1.10%,86.10%,13.90%,5.80%,5%,4.80%,0.90%,3.60%,31.90%,"(36.236282000000003, -115.3054432)"
Boulder,30,3876,44.90%,55.10%,8.30%,7.40%,4.70%,4.40%,3%,17.80%,15.50%,7.90%,7.30%,10.10%,4.80%,5.40%,3.40%,22.90%,63.50%,13.60%,34.40%,2.30%,21%,42.30%,93.20%,25.30%,43.60%,56.40%,"$55,084.00 ",6.60%,90.60%,6.10%,1.30%,1.70%,23.8,4.10%,47.80%,37.80%,10.30%,65.70%,4.70%,23%,0%,2.50%,0%,0.20%,4%,81.80%,18.20%,5.80%,3.80%,13.80%,3.80%,7.80%,58.60%,"(36.222219000000003, -115.3063769)"
Boulder,30,574,57.10%,42.90%,0.90%,8.50%,11.20%,8.50%,5.50%,10.20%,14.30%,18.10%,9.90%,4.60%,7.20%,1.10%,0.10%,28.50%,63.20%,8.30%,70.30%,15.60%,7.10%,7.10%,96.10%,38.30%,93.30%,6.70%,"$130,890.00 ",4.10%,79.90%,15.40%,0%,4%,22,1.30%,28.10%,31.70%,38.90%,61.80%,8.80%,19.30%,0%,8.80%,0%,0%,1.40%,84.60%,15.40%,5.80%,2.50%,1.70%,1.20%,1.40%,6.10%,"(36.240948000000003, -115.2883085)"
Boulder,30,5157,51.60%,48.40%,4.50%,5.90%,7.20%,7.90%,4.60%,10%,16.30%,16.40%,10.60%,5.80%,7.30%,3.50%,0%,22.20%,67.10%,10.70%,65.40%,3.40%,5.20%,26%,94.60%,24.20%,76.50%,23.50%,"$77,639.00 ",3.60%,86.40%,8.80%,0%,1.10%,23,1.20%,25.20%,47.30%,26.20%,55.80%,7%,21.20%,0%,9.20%,0%,0.30%,6.50%,69.60%,30.40%,17.80%,11.20%,4.60%,0%,3.70%,20.40%,"(36.229933099999997, -115.2882796)"
Boulder,30,3837,50.10%,49.90%,5.30%,8.30%,5.90%,5.40%,6.10%,13.20%,15.30%,17.10%,7.90%,4.30%,7.40%,3.40%,0.40%,22.20%,66.60%,11.20%,48.80%,5.60%,9.90%,35.70%,93.10%,23.10%,75.10%,24.90%,"$62,870.00 ",3.20%,86.40%,9.80%,1.70%,1.50%,25.5,3.70%,28.90%,44.70%,22.60%,66.60%,6.10%,17.90%,0.90%,8.10%,0%,0%,0.40%,87.20%,12.80%,3.50%,0.80%,10.50%,5.20%,7.10%,40.50%,"(36.222373300000001, -115.2880779)"
Boulder,30,5311,47.80%,52.20%,3.80%,6.10%,10.50%,6.40%,9.30%,11.30%,16.80%,17.20%,6.40%,2.70%,6.30%,2.40%,0.80%,24.90%,65.70%,9.40%,43.40%,6.80%,16.80%,33%,92.20%,22.20%,77.70%,22.30%,"$74,155.00 ",5.60%,80.80%,15.20%,0%,4%,22.8,8.60%,14.30%,48%,29.20%,58.50%,6.50%,19%,1.80%,4.40%,1.50%,1.80%,6.40%,84.40%,15.60%,7.70%,6.80%,6.60%,0.60%,5.90%,27.50%,"(36.229686999999998, -115.2698455)"
Boulder,30,4065,47.50%,52.50%,2.80%,2.20%,6.80%,9.90%,5.90%,17%,14.70%,14.60%,4.60%,4.60%,8.70%,6.70%,1.60%,17.30%,65.70%,17%,49.90%,5.80%,9.80%,34.50%,90.20%,25.30%,59.60%,40.40%,"$62,917.00 ",4.30%,81%,15.90%,0.10%,1.90%,22.5,0.70%,48.50%,37.20%,13.50%,53.70%,7.30%,13.90%,0%,18.60%,3.30%,0%,3.10%,79.10%,20.90%,6.40%,3.40%,7.30%,5.40%,3%,26%,"(36.222190400000002, -115.2697026)"
Boulder,30,3872,46.50%,53.50%,4.20%,2.60%,4.30%,7.80%,7.10%,9.60%,4.80%,23.30%,7.20%,9.10%,14.90%,4.80%,0.20%,15.20%,64.80%,20%,46.90%,7%,13%,33%,96.20%,34.20%,73.30%,26.70%,"$63,137.00 ",4.40%,81.30%,5.10%,0%,9.20%,21.9,2.10%,34.90%,52.40%,10.50%,67.80%,7.60%,15.80%,0%,0.60%,0%,0.30%,7.90%,77.60%,22.40%,10%,6.10%,9.30%,0%,8%,20.40%,"(36.212352099999997, -115.2660111)"
Boulder,30,3343,48.50%,51.50%,7.90%,2.50%,5.80%,7.90%,3.90%,15.40%,11.30%,9.60%,8.50%,10.20%,10.30%,5.20%,1.70%,21%,61.90%,17.10%,54.10%,2.40%,16.70%,26.80%,94%,38%,71.50%,28.50%,"$54,511.00 ",13.70%,90.20%,6.40%,0%,2.60%,26.5,1.90%,33.60%,45.50%,19%,57.90%,15.40%,18.30%,0.60%,7.40%,0%,0%,0.30%,72.10%,27.90%,6.80%,3.80%,15.30%,8.60%,10.40%,40.70%,"(36.209726199999999, -115.273781)"
Boulder,30,3386,47.60%,52.40%,6.80%,5%,9%,7.60%,5%,10.20%,13%,18.50%,6.60%,4.70%,9%,2.60%,1.90%,25.90%,60.60%,13.50%,53.10%,2%,21.30%,23.70%,89.40%,78%,72.60%,27.40%,"$79,297.00 ",12.40%,91.10%,6.50%,0%,2.40%,22,4.80%,32.70%,46.20%,16.30%,61.30%,6.30%,18.50%,0%,13.90%,0%,0%,0%,76.10%,23.90%,8.40%,1.90%,8.70%,0%,8.70%,25.10%,"(36.188518899999998, -115.333485)"
Boulder,30,5081,45.90%,54.10%,6.40%,4.50%,12.30%,7.70%,5.50%,10.30%,19.90%,15.30%,5%,3.20%,7.10%,2.70%,0%,29.10%,61.10%,9.80%,57.10%,0.30%,16.70%,25.80%,93.10%,34.10%,60.90%,39.10%,"$61,676.00 ",19.60%,76.50%,16.70%,0.30%,4.50%,22.8,3.40%,33.30%,46.30%,17%,52.80%,4.80%,9.20%,0%,14.50%,16.90%,0%,1.90%,67%,33%,20.80%,0.50%,9.80%,8.70%,7.20%,29.50%,"(36.176592499999998, -115.3317395)"
Boulder,30,2378,53%,47%,4%,6.60%,11.40%,6.50%,2.50%,11.70%,17.60%,13.30%,3.60%,6.20%,10.40%,5%,1.20%,27.30%,56.10%,16.60%,75.30%,3%,4.60%,17%,98.60%,45.20%,79.30%,20.70%,"$106,618.00 ",7.30%,86.50%,7.50%,0%,5.70%,18.3,2.70%,21.20%,55.70%,20.40%,75.70%,2%,10.60%,6.70%,5%,0%,0%,0%,89%,11%,3.50%,0.60%,5.80%,0%,3.60%,22.90%,"(36.198948399999999, -115.3165632)"
Boulder,30,4518,45.80%,54.20%,5.20%,5.80%,3.70%,6.60%,8.10%,13.80%,14.90%,14.80%,8.40%,7.30%,5.90%,4.90%,0.60%,19.60%,69%,11.40%,49.60%,5.30%,12.70%,32.50%,94.60%,42.30%,65.20%,34.80%,"$77,308.00 ",6.20%,75.80%,7.40%,2.60%,5.90%,21.9,0.40%,42.80%,37.40%,19.40%,62.20%,9.40%,9.50%,0%,15.50%,0.50%,0%,3%,79.30%,20.70%,7.90%,2.60%,9.60%,2%,7.70%,34.60%,"(36.196807, -115.3066599)"
Boulder,30,3540,53.60%,46.40%,5%,7.50%,5.80%,9.70%,8.20%,10.70%,9.80%,15.70%,8.90%,5.20%,8.80%,4.80%,0%,23.60%,62.80%,13.60%,49.50%,6.50%,21.60%,22.40%,87.80%,18.90%,66.80%,33.20%,"$55,711.00 ",12.50%,76.20%,9.20%,4.10%,4.80%,19.5,1.10%,40.10%,47%,11.70%,53.90%,3.10%,22.90%,0.40%,7.70%,0%,0%,12%,72.90%,27.10%,8.20%,4.50%,8.10%,3.30%,6.60%,23.60%,"(36.170546100000003, -115.2770259)"
Boulder,30,3840,45%,55%,5%,3.90%,9.40%,5.50%,7.50%,12.90%,14.90%,16.70%,5%,4.80%,5.90%,6.50%,2.20%,22.90%,62.60%,14.50%,45.90%,5.40%,14%,34.70%,84.20%,22.10%,53.80%,46.20%,"$49,608.00 ",6.10%,86.10%,10.60%,0%,1.10%,22.4,8%,33.20%,46%,12.80%,58.50%,10.70%,18.40%,0%,8.50%,0%,0%,4%,77.60%,22.40%,15.60%,6.70%,12.30%,3.10%,8.30%,44.20%,"(36.174348799999997, -115.26792450000001)"
Boulder,30,3744,44.40%,55.60%,8.90%,6.60%,4.30%,5.40%,5.30%,16.10%,8.30%,14.40%,7.60%,4.90%,10.30%,6.60%,1.20%,22.90%,58.90%,18.20%,36.90%,3.30%,15.90%,43.90%,93.10%,19.80%,63.40%,36.60%,"$44,720.00 ",10.60%,80.90%,12.50%,1.20%,0%,24.3,3.70%,48.90%,38.70%,8.70%,58.60%,5.90%,19.60%,0%,6.20%,4.60%,0%,5.10%,80.60%,19.40%,10.70%,7.50%,8.60%,4.40%,4.70%,26.70%,"(36.162168800000003, -115.268508)"
Boulder,30,2819,46.30%,53.70%,3.50%,8%,7%,4.90%,2.50%,19.20%,18.30%,11.10%,8.80%,3.90%,4.40%,5.70%,2.80%,23.40%,63.80%,12.80%,49.50%,3.50%,15.40%,31.50%,86.70%,18.90%,52.30%,47.70%,"$56,964.00 ",9.10%,80.30%,13.50%,0.90%,5.20%,22.4,5.90%,36%,44%,14.10%,67.60%,0%,25%,1.20%,1.60%,0.50%,0.90%,3.30%,71.40%,28.60%,5.60%,2.80%,5.90%,0%,3.20%,29.80%,"(36.163219099999999, -115.2816885)"
Boulder,30,2913,48%,52%,0%,0%,0%,0%,0.20%,1.20%,0.70%,3%,3.20%,6.30%,44.40%,29.70%,11.40%,0%,14.50%,85.50%,48.80%,1.20%,2%,48%,97%,33.40%,91.20%,8.80%,"$51,830.00 ",5.90%,72%,16%,0%,9.20%,18.6,2%,59.70%,35.60%,2.70%,90.10%,1.50%,1.40%,0.20%,6.80%,0%,0%,0%,94.70%,5.30%,1.40%,0%,23.60%,0%,16.60%,24.80%,"(36.198823500000003, -115.3319491)"
Boulder,30,5200,51.70%,48.30%,4.80%,4.40%,9.90%,7.10%,6.40%,16.70%,18%,14.20%,6.10%,4.30%,5.20%,2.60%,0.10%,24.20%,67.80%,8%,43.90%,7.20%,12.60%,36.30%,91.90%,16.10%,49%,51%,"$62,763.00 ",12.50%,86.90%,7.40%,1.50%,0.90%,26,1.30%,38.90%,40%,19.70%,48.80%,14%,22.80%,0%,6.80%,3.60%,0%,4%,74.80%,25.20%,4.40%,3.70%,9.30%,0.40%,9.20%,36.90%,"(36.270938600000001, -115.25217840000001)"
Boulder,30,5749,53.20%,46.80%,2.10%,6.40%,6.30%,7.50%,3.90%,9.80%,15.10%,17.60%,6.20%,8.10%,10.40%,4.30%,2.40%,19.80%,63.20%,17%,53%,7.40%,8.30%,31.30%,91.70%,21.80%,72.40%,27.60%,"$57,838.00 ",11.70%,88%,4.50%,4.60%,2.30%,27.5,2.30%,35.30%,44.80%,17.70%,66.90%,10.10%,14.50%,0%,5.80%,0.20%,0%,2.50%,85.40%,3.80%,3.80%,2.30%,10.80%,2.70%,8.70%,28.10%,"(36.255657900000003, -115.2367576)"
Boulder,30,4230,45.70%,54.30%,0.90%,2.40%,3.80%,7.10%,3.90%,10.20%,4.10%,17.20%,7.30%,10.50%,18.50%,11.50%,2.60%,11%,56.40%,32.60%,45.10%,5.90%,9.10%,39.90%,94.60%,27.70%,79.70%,20.30%,"$64,779.00 ",10.50%,81%,9.60%,2.90%,1%,29.4,3%,38.10%,45%,14%,77.40%,9.30%,8.70%,0.20%,1.70%,0%,0%,2.70%,92.30%,7.70%,2.20%,0.80%,19.60%,10.90%,13.10%,33.70%,"(36.253866700000003, -115.2164492)"
Boulder,30,6442,48.80%,51.20%,3.70%,9.40%,8.50%,10.20%,2.60%,10%,19%,13.30%,6.10%,5.60%,7.80%,1.40%,2.30%,28.40%,60.10%,11.50%,64%,7.90%,15.10%,13%,94.10%,20.50%,73.20%,26.80%,"$80,225.00 ",4.10%,89.30%,5.90%,0.50%,1.80%,26.2,0.40%,24%,56.90%,18.60%,53.20%,13.10%,20.10%,0%,6.90%,0%,0%,6.70%,84.60%,15.40%,5.20%,3.20%,12.50%,8.10%,8.70%,43.30%,"(36.268650999999998, -115.216109)"
Boulder,30,2935,49.20%,50.80%,1.30%,5.40%,7.70%,7.50%,7.80%,7.90%,18.50%,18.70%,8.20%,5.70%,7%,3.30%,1%,19.60%,69.10%,11.30%,62%,7%,6.50%,24.50%,89.60%,17.60%,89%,11%,"$71,949.00 ",6.80%,83.50%,13.90%,1%,1.50%,27.9,0%,25.80%,30%,44.30%,54.20%,14%,18.40%,0%,7.80%,4.10%,0%,1.50%,72.70%,27.30%,5.30%,4.60%,17.90%,3.50%,17.90%,42.90%,"(36.269107099999999, -115.23362419999999)"
Boulder,30,4230,50.50%,49.50%,8.30%,7.30%,7.10%,6.30%,2.30%,14.10%,16.10%,13%,8.20%,7.80%,6.50%,2.90%,0.10%,28.30%,62.10%,9.60%,59.90%,7.80%,14%,18.30%,96.90%,26.90%,75.80%,24.20%,"$88,165.00 ",1.90%,86.10%,8.50%,0.60%,4%,28.1,0.40%,18.20%,61.30%,20.10%,83.10%,2.40%,8.70%,0%,4.60%,0%,0%,1.20%,94.50%,5.50%,0.80%,0.30%,5.30%,1.20%,5.10%,19.40%,"(36.285321500000002, -115.215515)"
Boulder,30,2277,52.20%,47.80%,6.50%,7.40%,6.30%,6.30%,7%,15.80%,9.20%,15.90%,9.20%,9.30%,4.60%,1.70%,0.80%,24.90%,68%,7.10%,74.40%,8.40%,5.10%,12.10%,98.30%,36.70%,79.60%,20.70%,"$98,750.00 ",4.90%,83.40%,9.80%,0.70%,5.40%,27.3,2.30%,23.30%,48.80%,25.50%,70.20%,5.40%,14.80%,0.70%,5.70%,0%,0%,3.20%,90.10%,9.90%,3.50%,1%,8.40%,5.30%,6%,40.60%,"(36.295302200000002, -115.2370683)"
Boulder,30,3439,47.90%,52.10%,9.20%,7.70%,8.80%,10.10%,4.30%,16%,11.20%,14.20%,5.40%,3.70%,7.90%,1.50%,0%,30.50%,60.10%,9.40%,67.10%,0%,14.40%,18.50%,93.50%,25.30%,89.30%,10.70%,"$66,250.00 ",15.90%,89.30%,2.90%,4.80%,2.40%,35.4,0.50%,24.70%,50.40%,24.40%,51.10%,17.90%,23.70%,0.90%,2.10%,0%,0%,4.30%,95.80%,4.20%,0.30%,0%,11.30%,1.50%,11.40%,41.80%,"(36.298206399999998, -115.2154981)"
Boulder,30,3744,49.80%,50.20%,5%,12.20%,10.90%,8.90%,4.60%,5.60%,20.70%,16.60%,4.80%,2.80%,4.60%,3.10%,0%,33.70%,58.60%,7.70%,81.70%,3.40%,3.30%,11.70%,93.20%,40.60%,94.20%,5.80%,"$106,710.00 ",3.10%,85.40%,6.60%,0%,5%,26.9,0%,15.50%,48.40%,36.20%,63.20%,6.10%,19.20%,0.40%,6.60%,0.50%,0%,4%,87.60%,12.40%,1.20%,0.80%,6.50%,8%,2%,32.50%,"(36.310797600000001, -115.2229969)"
Boulder,30,3215,54.70%,45.30%,9.50%,10.70%,9%,3.40%,3.10%,19.40%,18.20%,10.40%,5.60%,3.50%,2.10%,4.90%,0.10%,31.60%,61.20%,7.20%,62%,3.70%,15.50%,18.80%,94.50%,15.70%,70.40%,29.60%,"$73,214.00 ",6.50%,79.60%,11.40%,0.40%,1.80%,32.5,0%,31%,42%,27%,59.40%,16.40%,13%,0%,9.40%,1.10%,0%,0.60%,88.20%,11.80%,0.50%,0.50%,8.20%,0.40%,9.90%,28.20%,"(36.3095389, -115.21145370000001)"
Boulder,30,7368,45.50%,54.50%,7.50%,12%,9.90%,4.40%,3.50%,11.10%,18.10%,11.50%,8.40%,5.20%,6.70%,1.30%,0.40%,33.10%,58.60%,8.30%,72.80%,3.90%,7.20%,16%,91.10%,23.10%,77.70%,22.30%,"$78,930.00 ",4.30%,85.10%,9%,0.80%,4.40%,29.4,0.70%,27.70%,51.90%,19.60%,58.60%,5.20%,28.90%,0.30%,6.20%,0%,0%,0.80%,84.10%,15.90%,4.70%,4.10%,5.80%,1.70%,6%,20.50%,"(36.327058000000001, -115.2621977)"
Boulder,30,5603,48.50%,51.50%,8.10%,11.80%,6.80%,11.80%,6%,12%,17.70%,13.30%,2.60%,2.90%,5.20%,0.90%,0.80%,34.90%,58.20%,6.90%,59.30%,9.80%,9.10%,21.90%,94.20%,25.20%,75%,25%,"$73,910.00 ",8.20%,91.30%,7.30%,0.60%,0.80%,29,3.40%,21.20%,57.70%,17.80%,62.90%,5.40%,18.30%,4.60%,7.60%,0%,0%,1.10%,84.90%,15.10%,4%,1.70%,7.80%,0%,9.90%,28.40%,"(36.311193500000002, -115.2877331)"
Boulder,30,5603,48.10%,51.90%,7.20%,7%,11.80%,9.20%,7.80%,9.50%,18.30%,13.30%,3.90%,3.90%,6.30%,1.80%,0%,31.90%,59.90%,8.20%,65.50%,6.10%,13.80%,14.70%,97.10%,30.80%,87.90%,12.10%,"$98,352.00 ",8.80%,78.70%,14.70%,0.50%,3.70%,27.4,0%,8.10%,67.10%,24.70%,64.80%,8.30%,17.80%,0.40%,5.90%,1.10%,0%,1.60%,90.20%,9.80%,1.40%,0.50%,3.50%,0.60%,3.60%,14.20%,"(36.326145799999999, -115.29487349999999)"
Boulder,30,3275,46.40%,53.60%,13.10%,5.80%,5.60%,8.20%,8.80%,18.10%,13.70%,18.20%,4%,0%,3.20%,1.10%,0%,27.60%,68%,4.40%,55.50%,12.90%,3.70%,28%,98.50%,20.50%,75.50%,24.50%,"$69,733.00 ",4.60%,81.50%,15.20%,0%,0%,25.6,0%,32.20%,46.90%,20.90%,67.80%,5.70%,21%,0%,1.50%,0%,1%,2.90%,90.80%,9.20%,1.50%,0%,5.10%,0.60%,4.60%,42.60%,"(36.304909100000003, -115.2857195)"
Boulder,30,5961,47.70%,52.30%,8.90%,6.60%,9.70%,7.30%,9.10%,12.70%,15.20%,16.30%,3.30%,2.40%,7%,1.50%,0%,29.20%,62.30%,8.50%,47.50%,6.70%,21.70%,24.10%,92.70%,27.70%,69.50%,30.50%,"$68,633.00 ",11.50%,82.90%,7.20%,1%,4%,25.2,0.80%,39%,47.60%,12.50%,68.40%,14.30%,10.40%,0%,4.80%,0%,0%,2.20%,89.80%,10.20%,2.20%,1.30%,5.60%,0.20%,5.80%,22.60%,"(36.300058900000003, -115.2755329)"
Boulder,30,5971,54.80%,45.20%,4.10%,9.70%,6.10%,15.90%,4.20%,12.20%,19.50%,13.10%,2.50%,5.80%,5.40%,1.20%,0.40%,29.70%,63.30%,7%,66.70%,6%,13.20%,14.20%,84.70%,19.90%,74.40%,25.60%,"$69,693.00 ",7.10%,84%,8.30%,0%,3.80%,27.5,0.90%,21.30%,51.10%,26.70%,42.10%,16%,28.80%,0.60%,7%,0%,0%,5.40%,67.50%,32.50%,5.70%,3.30%,6.80%,3.70%,5.60%,30.60%,"(36.300187999999999, -115.2646228)"
Boulder,30,4200,48.50%,51.50%,5.10%,5.50%,6.40%,11.30%,4.40%,14.20%,16.50%,16.40%,5.70%,4.40%,8.20%,1.90%,0%,23.20%,66.80%,10%,57.40%,5.50%,15.50%,21.60%,96.90%,23.10%,59.30%,40.70%,"$72,419.00 ",3.70%,85.50%,6.90%,0.40%,5.60%,27.6,1.90%,22.70%,52.40%,23%,67%,6.10%,21.70%,0%,3.20%,0%,0%,2.10%,81.30%,18.70%,5.10%,3.80%,8%,2.80%,5.50%,36.70%,"(36.284447700000001, -115.2579626)"
Boulder,30,2323,48.80%,51.20%,3.80%,6.60%,5.80%,2.30%,2.20%,7%,14.60%,19.80%,8.60%,12.60%,13.60%,2.80%,0.30%,18.20%,65.10%,16.70%,73.10%,1.20%,2.10%,23.50%,96.40%,53.50%,97.70%,2.30%,"$132,892.00 ",5.20%,88.40%,1%,0%,10.60%,28.7,1%,12.80%,63.80%,22.50%,69%,6.20%,9%,0%,4.40%,0%,2%,9.40%,87.30%,12.70%,3.20%,1.50%,11%,1.10%,9.50%,27.60%,"(36.297912599999997, -115.25109740000001)"
Boulder,30,4950,50.70%,49.30%,7.30%,5.70%,7.30%,6.60%,8.30%,14.20%,14.10%,15.10%,5.70%,6.10%,5.70%,2.80%,1%,25.30%,65.20%,9.50%,46.80%,8.60%,18.10%,26.50%,91.60%,26.20%,58.90%,41.10%,"$62,990.00 ",12.40%,76.20%,18.70%,0%,3.20%,24.6,3.10%,35.50%,39.50%,21.80%,54.70%,11.30%,19.50%,0.60%,8.40%,0%,0.10%,5.30%,77.30%,22.70%,6.90%,3.60%,7.40%,1.60%,7.20%,24.80%,"(36.240453000000002, -115.2535888)"
Boulder,30,5684,47.70%,52.30%,5.40%,9.20%,7.70%,7.50%,5.50%,15.50%,14.20%,13.70%,7.30%,6%,4.90%,2.30%,0.90%,25.70%,66.30%,8%,31.60%,8.60%,22.20%,37.60%,89.90%,12.50%,49.40%,50.60%,"$48,317.00 ",24.80%,83.90%,8.90%,2.40%,2.70%,25.8,4.40%,44.70%,36.50%,14.40%,51.70%,14.60%,28.20%,0%,4.40%,0%,0%,1.10%,72%,28%,8.40%,6.70%,14.80%,2.20%,14.80%,55%,"(36.239635399999997, -115.2407697)"
Boulder,30,5508,44.70%,55.30%,4.30%,4%,7.30%,5%,5.80%,5.20%,16.50%,15.20%,6.80%,11.10%,11.40%,7.20%,0.20%,20.10%,61.10%,18.80%,55.50%,5.80%,8.60%,30.10%,91.30%,20.80%,77.90%,22.10%,"$59,299.00 ",11.70%,90.80%,6.70%,0%,0.60%,24.7,0%,33.10%,44.50%,22.40%,65.30%,10.90%,15.80%,0.10%,4.50%,0.30%,0%,3.10%,84.60%,15.40%,4.10%,2.10%,12.50%,6.70%,10.60%,24.60%,"(36.243023999999998, -115.22184129999999)"
Boulder,30,4048,44.40%,55.60%,7.30%,6.70%,5.90%,5.90%,8.60%,17.90%,10%,15.20%,5.80%,4.70%,5.20%,3.20%,3.60%,23.40%,64.60%,12%,38%,6.10%,7.90%,48%,93.40%,21.50%,29.10%,70.90%,"$40,634.00 ",17.20%,78.10%,11.50%,1.30%,1.60%,24.4,13.30%,48.10%,31%,7.60%,55%,10.40%,22.20%,0.60%,8.80%,0%,0%,2.90%,75.10%,24.90%,8.30%,5.50%,12.30%,1.90%,7.80%,59.40%,"(36.2256681, -115.25366630000001)"
Boulder,30,4303,55.10%,44.90%,2.60%,5.20%,7.90%,6%,7.60%,12.50%,11.60%,16.50%,10.80%,6.10%,7.90%,4.70%,0.80%,18.90%,67.70%,13.40%,42.50%,5.30%,14%,38.10%,89%,14.60%,63.60%,36.40%,"$51,100.00 ",16.50%,85.90%,7.70%,2.60%,3.40%,26.7,2.20%,40.60%,38.50%,18.70%,52%,14.70%,22.50%,0.70%,6.80%,0%,0%,3.40%,75.30%,24.70%,8.20%,6.80%,15.50%,9.90%,11.30%,44.60%,"(36.2254206, -115.24036150000001)"
Boulder,30,4713,59.40%,40.60%,4.90%,7.30%,9.70%,8%,10.40%,8.40%,17.60%,13.60%,5.80%,7.10%,3.90%,2.70%,0.60%,27.70%,65.10%,7.20%,51%,7.10%,9.90%,32%,86.40%,13%,57.10%,42.90%,"$43,125.00 ",10.60%,78.80%,10.90%,3.10%,3.10%,23,13.20%,34.40%,29.60%,22.80%,41.50%,17%,32.70%,0.30%,3%,1.60%,0.30%,3.50%,69.40%,30.60%,10.50%,9.10%,11.80%,3.70%,12.20%,40.30%,"(36.224972700000002, -115.2265618)"
Boulder,30,2399,50%,50%,1.70%,1.70%,5.30%,7.50%,10.80%,8.10%,8.90%,18.30%,7.70%,9%,10.60%,4.60%,5.90%,14.50%,64.40%,21.10%,61.80%,4.50%,4.50%,29.10%,84.40%,19.50%,89.80%,10.20%,"$71,902.00 ",6.50%,82.40%,7.20%,0.70%,7.20%,24.4,1.60%,18.70%,41.60%,38%,74.30%,5.80%,12.70%,1.90%,2%,0.10%,0%,3.10%,86.10%,13.90%,4.80%,3.80%,18.90%,4.50%,18.30%,37.90%,"(36.230565300000002, -115.2160337)"
Boulder,30,7093,51.80%,48.20%,10.80%,5.60%,7%,9.50%,9.90%,16.10%,13.90%,9.50%,6.10%,5%,2.90%,3.10%,0.70%,29.30%,64.10%,6.60%,36.10%,8.30%,20.70%,34.90%,85.20%,12.70%,44%,56%,"$45,000.00 ",25.50%,73.50%,14%,4.30%,2.20%,27.3,7.10%,45.20%,36.60%,11%,35.20%,15.70%,36.30%,1.90%,5.20%,0.70%,0%,5.10%,65.10%,34.90%,15.10%,12.30%,11.20%,5.50%,11.40%,34%,"(36.209505900000003, -115.2456103)"
Boulder,30,2704,47.60%,52.40%,3.30%,5.20%,5.30%,8%,4.30%,18.40%,10.50%,14%,5%,4.90%,10%,7.80%,3.30%,18.50%,60.50%,21%,49.70%,9.70%,19%,21.50%,79.80%,19.70%,64.10%,35.90%,"$68,542.00 ",4.50%,81.60%,15.20%,0%,1.90%,24.4,9.10%,24%,42.90%,24.10%,54.30%,4.80%,29.70%,0.20%,7.10%,0%,0%,4%,71.80%,28.20%,13.90%,8.10%,19%,11%,10.60%,61.10%,"(36.213914099999997, -115.233881)"
Boulder,30,4155,51.70%,48.30%,6.90%,8.20%,7.70%,10.60%,9.80%,19.90%,18.50%,9.50%,1.40%,1.80%,4.40%,1.20%,0%,29.70%,64.60%,5.70%,25.40%,10.90%,24%,39.70%,80.30%,12.40%,12.20%,87.80%,"$39,368.00 ",31%,61.80%,19.20%,8.80%,2.30%,25.6,19.50%,59.50%,15.50%,5.50%,34.20%,20.70%,37%,0.50%,4.70%,0.60%,0%,2.30%,66.50%,33.50%,15.70%,13.80%,12.30%,3.90%,14.60%,29.80%,"(36.199777599999997, -115.2524662)"
Boulder,30,6928,56%,44%,11%,7.30%,7.30%,7.80%,2.30%,20.10%,12.30%,14.60%,7.60%,3.70%,2.80%,2.80%,0.40%,30.80%,63.10%,6.10%,22.70%,7.10%,20.60%,49.60%,74.10%,9.70%,34%,66%,"$37,196.00 ",27.10%,67.40%,12.60%,13.80%,0%,30.6,14.30%,51.70%,26.90%,7.10%,32.50%,16.50%,39.40%,1.30%,4.20%,0%,0%,6.10%,67%,33%,15.50%,12.80%,17.70%,1.30%,24.10%,35.10%,"(36.199561799999998, -115.2341282)"
Boulder,30,3642,51.70%,48.30%,10%,14.30%,7.10%,4.20%,5.70%,13.70%,13.60%,10.10%,7.30%,4.90%,4.60%,2.80%,1.60%,33.90%,57.10%,9%,46.40%,10.20%,16.80%,26.60%,71.60%,13.80%,44.60%,55.40%,"$31,467.00 ",30%,76.70%,11%,5.30%,0.70%,22.1,12%,40.70%,31.70%,15.70%,38.10%,7.30%,50.80%,0%,2.10%,0%,0%,1.60%,55.30%,44.70%,26.50%,25.90%,14.80%,6.20%,13.50%,55.30%,"(36.199260199999998, -115.21484959999999)"
Boulder,30,3383,43.80%,56.20%,7.20%,5.90%,8.70%,11%,8.80%,12.70%,15.60%,12.60%,6.80%,2.20%,5.20%,2.80%,0.40%,27.40%,64.20%,8.40%,37%,5.30%,18.50%,39.20%,86%,18.60%,45.80%,54.20%,"$44,620.00 ",22.60%,84.50%,8.40%,2.40%,1.20%,25.9,15%,41.10%,33.20%,10.80%,51%,13%,26.50%,0.50%,6.90%,0%,0%,2.10%,79.50%,20.50%,8.90%,6.70%,10.20%,3%,10%,35%,"(36.192411200000002, -115.2523283)"
Boulder,30,5509,48.40%,51.60%,7.50%,8.30%,7.90%,5.50%,8.60%,18.20%,11%,10.20%,7.90%,2.60%,4.90%,4.70%,2.70%,25.60%,62.10%,12.30%,27.10%,5.50%,17%,50.40%,74.80%,13%,32.30%,67.70%,"$39,577.00 ",23.50%,73.40%,9.50%,6.10%,2.90%,27.1,19%,46.60%,24.80%,9.60%,46%,8.70%,37.30%,0.60%,2.10%,0.10%,1.70%,3.50%,68.70%,31.30%,11.20%,10.40%,11.20%,2.20%,11.40%,28.50%,"(36.192213299999999, -115.2342586)"
Boulder,30,6530,45.60%,54.40%,6.20%,8.60%,7.20%,4.80%,7.40%,13.50%,18.30%,11.80%,8.40%,5.40%,6%,1.80%,0.60%,23.80%,67.80%,8.40%,34.90%,11%,16.60%,37.50%,76.90%,14.90%,54.50%,45.50%,"$36,758.00 ",18.40%,76.30%,6%,15%,0.60%,25.4,17.10%,36.40%,25.10%,21.30%,39.10%,14.70%,40.60%,0.20%,4.50%,0%,0%,0.90%,59.40%,40.60%,20.70%,18.50%,11.40%,5.40%,10.60%,35.70%,"(36.1894852, -115.21653480000001)"
Boulder,30,2869,46.70%,53.30%,6.20%,9%,5.50%,8.40%,8.30%,12.30%,9.20%,14.20%,7.20%,7.90%,8.20%,2.60%,0.90%,26.70%,61.60%,11.70%,46.50%,3.10%,18.40%,32%,81.50%,15.50%,53.10%,46.90%,"$38,871.00 ",16.20%,65.70%,18.60%,4.30%,2.10%,23,5.40%,38.90%,33.20%,22.50%,39%,16.90%,29.40%,0%,2.10%,0.30%,0%,12.30%,73%,27%,17.90%,10.80%,14.90%,7.10%,17.60%,18.60%,"(36.209960700000003, -115.2202394)"
Boulder,30,3990,45.90%,54.10%,7.90%,12.30%,7.30%,5.90%,3%,18.20%,13%,13.90%,6.30%,2.60%,4.70%,3.40%,1.40%,31.10%,59.40%,9.50%,27.70%,4%,23.70%,44.50%,82.40%,21.50%,45.20%,54.80%,"$37,439.00 ",22.40%,71.60%,15.90%,3.40%,1.20%,21.6,14.60%,50.70%,23.40%,11.30%,35.10%,18.50%,44.70%,0%,0%,0%,0%,1.60%,64%,36%,13.70%,9.80%,17.90%,5.30%,16.10%,71.20%,"(36.209372899999998, -115.2112611)"
Boulder,30,1925,47.90%,52.10%,11.30%,8.50%,3.70%,12.20%,4.70%,11.80%,10.10%,13%,3.60%,8.70%,7.90%,1.60%,3%,29.90%,57.60%,12.50%,31.20%,11.30%,31.10%,26.40%,75.40%,3.40%,59.30%,40.70%,"$37,321.00 ",27.10%,74.30%,5.30%,6.60%,1.90%,21.9,19.40%,34.20%,36.80%,9.60%,35.10%,18.50%,44.70%,0%,0%,0%,0%,1.60%,55.30%,44.70%,25.20%,25.20%,14.70%,10.80%,12.40%,34.30%,"(36.201781199999999, -115.20281)"
Boulder,30,5395,46.50%,53.50%,10%,6.60%,7.30%,3.30%,9.70%,10.30%,14.10%,14%,5.50%,5.80%,9.40%,3.50%,0.20%,26%,60.80%,13.20%,37.60%,4.50%,15.90%,42%,68.40%,9.90%,31.80%,68.20%,"$34,731.00 ",27.40%,65.60%,18.90%,10.10%,1.80%,24.8,16.40%,48%,20.50%,15.20%,27.80%,14.10%,50.20%,0.50%,4.10%,0.90%,0%,2.50%,48.10%,51.90%,30%,27.70%,16.50%,3.30%,14.50%,52.20%,"(36.192811800000001, -115.1976636)"
Boulder,30,2632,48.40%,51.60%,7.40%,8.80%,8%,3.60%,6.20%,16%,8.90%,13.70%,4.50%,7%,9.90%,4.80%,1.20%,26.10%,58%,15.90%,30.50%,5.70%,13%,50.80%,77%,8.10%,36.80%,63.20%,"$26,146.00 ",28.60%,77.40%,14.30%,3.80%,0.40%,25.1,25.40%,38.40%,29.70%,6.50%,15.10%,48.30%,29.90%,0%,1.80%,0.50%,0%,4.30%,68.40%,31.60%,15.30%,13.10%,20.30%,8.40%,14.60%,60.40%,"(36.192051399999997, -115.174353)"
Boulder,30,3125,50.20%,49.80%,18.20%,10.30%,7.40%,8.20%,10.30%,19.80%,9.30%,9.90%,1.70%,2.40%,1.50%,0.80%,0%,41.80%,55.90%,2.30%,21.80%,19.60%,37.30%,21.30%,48.70%,6.70%,14.30%,85.70%,"$33,011.00 ",37.90%,74.50%,15.30%,1.90%,1.30%,24,15.40%,58.50%,14.10%,11.90%,12.80%,14%,66.40%,0.20%,3.20%,1.90%,0%,1.60%,35.40%,64.60%,31.90%,30.90%,8.60%,2.30%,10.70%,70.80%,"(36.192451900000002, -115.1842065)"
Boulder,30,2679,47%,53%,8.90%,7.90%,9.90%,9.80%,5.40%,16.70%,8.60%,17.60%,3.80%,2.60%,5.20%,3.40%,0.10%,30.30%,60.90%,8.80%,30.50%,6.90%,27.10%,35.50%,70.10%,6.20%,42.40%,57.60%,"$26,750.00 ",34.80%,77.90%,13.90%,4.50%,0.50%,28.4,16.70%,38.80%,28.60%,15.90%,7.40%,57.10%,31.90%,0%,1.30%,0%,0.90%,1.50%,65.50%,34.50%,14.70%,14.60%,16.40%,5.60%,17.40%,46.70%,"(36.199350299999999, -115.1585537)"
Boulder,50,4809,46.60%,53.40%,6%,6.30%,6%,6.50%,2.60%,17.10%,10.60%,15.30%,10.90%,5.80%,8%,4.10%,0.80%,22.40%,64.70%,12.90%,33.40%,4.70%,17.40%,44.50%,94%,33.40%,55.40%,44.60%,"$65,128.00 ",16.50%,85.70%,3.60%,1%,7.10%,22,4.70%,47.70%,40.10%,7.50%,70.20%,5%,12.60%,0.40%,5%,0%,0%,6.80%,74.80%,25.20%,8.40%,0%,12.50%,8.60%,9.40%,34.50%,"(36.152371799999997, -115.31045469999999)"
Boulder,50,4727,51.20%,48.80%,4.40%,5.40%,4.70%,3.50%,6.60%,14.60%,16.60%,19.80%,5.60%,4.20%,9.80%,4.40%,0.70%,15.60%,69.60%,14.80%,52.50%,1.70%,3.10%,42.60%,91.30%,39.50%,40.90%,59.10%,"$66,725.00 ",6%,77.80%,11.90%,3.50%,5.80%,24.5,6.50%,43.90%,36.90%,12.60%,67%,6.50%,11.80%,0%,12.30%,0%,0%,2.40%,74.80%,25.20%,4.60%,2.90%,10.70%,2.20%,8.80%,28.70%,"(36.152045600000001, -115.30001710000001)"
Boulder,50,3358,47.80%,52.20%,4%,4.60%,6.80%,4.60%,6.10%,9.10%,15.20%,12.20%,10.70%,9.10%,10.10%,6.40%,1%,18.30%,64.20%,17.50%,54.90%,2.90%,6.10%,36.20%,93.90%,38.30%,74%,26%,"$91,332.00 ",6.10%,83.50%,7.10%,2.10%,3.60%,24.5,2.30%,28.30%,47.70%,21.70%,76.50%,6.20%,10.20%,0%,3.80%,0%,0.30%,3%,85.40%,14.60%,2.90%,0.80%,11.50%,1.90%,8.90%,30.90%,"(36.1507997, -115.287294)"
Mesquite,50,4283,51.60%,48.40%,9.80%,3.10%,4.70%,2.60%,3%,17.70%,12.40%,12.60%,7%,10.30%,10.40%,4.80%,1.50%,19%,64.30%,16.70%,38.50%,1.20%,9.70%,50.70%,92.10%,31.50%,40.80%,59.20%,"$44,192.00 ",17.50%,80.60%,3.60%,1.50%,9.70%,26.7,5.10%,53.30%,29.60%,12%,62.60%,6.20%,21.90%,0.20%,6.30%,0.30%,0%,2.40%,72.80%,27.20%,7.90%,4.10%,12.80%,5%,8.80%,36.90%,"(36.137161900000002, -115.310805)"
Mesquite,50,4313,49.60%,50.40%,4.50%,4.20%,5.50%,6.80%,2%,18.50%,15.60%,14.40%,6%,4.50%,9%,5.50%,3.40%,18.90%,63.30%,17.80%,50.90%,9.80%,14.40%,24.90%,88.80%,30.70%,55%,45%,"$62,338.00 ",6.90%,74.80%,8.60%,7.90%,5.30%,30.7,9%,35%,38.20%,17.70%,68.10%,5.30%,9.40%,0%,11.80%,1.10%,0%,4.20%,79.40%,20.60%,6.90%,1.80%,15%,1.10%,14.20%,32.90%,"(36.1370413, -115.3018252)"
Mesquite,50,3637,43.80%,56.20%,5.60%,5.20%,4.80%,3.80%,9.70%,14%,8.80%,10%,12%,4.10%,12.60%,5.40%,4%,18.10%,59.90%,22%,36.70%,6%,10.50%,46.80%,89.70%,30.80%,45.40%,54.60%,"$51,125.00 ",5.90%,73.70%,14.30%,5.50%,3.40%,26.8,10.20%,45.40%,30.80%,13.60%,64.30%,7.60%,8.80%,0.80%,9.90%,0.30%,0%,8.40%,79.30%,20.70%,3.90%,0.60%,13.30%,9.20%,9.40%,27.40%,"(36.137361400000003, -115.2931967)"
Mesquite,50,4376,46.10%,53.90%,6.70%,7.60%,5.40%,4.50%,11.50%,9.10%,13.90%,11.20%,7.10%,5.60%,6.70%,6.70%,4%,21.80%,60.80%,17.40%,40.40%,7.50%,17.60%,34.50%,90.70%,26.30%,37.80%,62.20%,"$37,478.00 ",19.40%,76.50%,12%,3.70%,2.10%,21.2,17.80%,42.30%,33.60%,6.30%,49.60%,7.90%,29.20%,0.20%,6.80%,0%,0.70%,5.60%,68.70%,31.30%,8.60%,5.10%,18.20%,0%,12.20%,61.80%,"(36.137827000000001, -115.2841684)"
Mesquite,50,5590,49.80%,50.20%,12.10%,13.60%,7.70%,5.10%,5.10%,10.80%,22.30%,14%,1.80%,1.80%,4.80%,0.80%,0%,36.10%,58.30%,5.60%,58.60%,5.60%,17.20%,18.60%,95.70%,50.70%,73.10%,26.90%,"$109,020.00 ",11.30%,90.60%,1.90%,0.30%,4.20%,22.5,1.30%,25.90%,56.90%,15.90%,70.40%,1.30%,4%,0.30%,20%,0.80%,0%,3.20%,75%,25%,10.10%,0.40%,5.90%,1.10%,6.90%,26.60%,"(36.165482099999998, -115.34569949999999)"
Mesquite,50,4407,55.40%,44.60%,10.90%,11.60%,7.80%,5.50%,4%,19.50%,20.30%,12.60%,2.50%,0.90%,2.80%,0.30%,1.10%,34.30%,61.40%,4.30%,52.80%,6.10%,15.60%,25.50%,95.40%,57.50%,56.80%,43.20%,"$107,778.00 ",0.90%,85%,9.90%,0%,3.90%,25.2,5.50%,24.30%,54.80%,15.50%,61.20%,9.40%,5.50%,0.70%,19.80%,0%,0%,3.30%,77.70%,22.30%,13.20%,0.90%,4.50%,7.50%,0.70%,32.70%,"(36.213674500000003, -115.45149859999999)"
Mesquite,50,3758,51.50%,48.50%,3.20%,4.90%,7%,8.70%,4.10%,7.80%,22.70%,20.80%,5.90%,3.70%,5.90%,4%,1.20%,23.20%,65.70%,11.10%,52.20%,3.70%,10.70%,33.40%,96.10%,47.30%,74.80%,25.20%,"$77,917.00 ",10.50%,80.10%,11.40%,0%,6.10%,22.2,2.90%,30.60%,54.40%,12%,66.20%,0.20%,18.70%,0%,12%,0%,0%,2.80%,70.70%,29.30%,14.60%,4.90%,6.20%,2.50%,2.20%,37.90%,"(36.175957599999997, -115.34651890000001)"
Mesquite,50,19,74.30%,25.70%,2.60%,4.20%,2.70%,6.20%,6.10%,20.70%,19.60%,18.60%,5.60%,5.10%,7%,1.70%,0%,13.10%,78.20%,8.70%,63.50%,0%,11%,25.50%,83.30%,17.60%,82.80%,17.20%,"$73,229.00 ",10.80%,74.80%,12.40%,0%,1.70%,30,0%,22.80%,30.60%,46.70%,55.10%,19.80%,16.50%,2.90%,1.50%,0.50%,0%,3.80%,80.20%,19.80%,6.70%,6.30%,10.70%,6.40%,8.10%,26%,"(36.256067899999998, -115.6098635)"
